"pclass","survived","sex","age","sibsp","parch","fare","embarked","title","solo"
"1st","1","female",29,0,0,211.337494,"Southampton","Miss","1"
"1st","0","male",71,0,0,49.5042,"Cherbourg","Mr","1"
"1st","1","female",48,1,0,39.5999985,"Cherbourg","Lady","0"
"3rd","1","female",NA,0,0,7.75,"Queenstown","Miss","1"
"3rd","1","male",NA,0,0,7.75,"Queenstown","Mr","1"
"3rd","1","female",NA,2,0,23.25,"Queenstown","Miss","0"
"3rd","1","female",NA,2,0,23.25,"Queenstown","Miss","0"
"3rd","1","male",NA,2,0,23.25,"Queenstown","Mr","0"
"3rd","1","female",NA,0,0,7.7874999,"Queenstown","Miss","1"
"3rd","0","male",NA,0,0,15.5,"Queenstown","Mr","1"
"3rd","1","female",NA,0,0,7.87919998,"Queenstown","Miss","1"
"3rd","1","female",15,0,0,8.0291996,"Queenstown","Miss","1"
"3rd","0","female",35,0,0,7.75,"Queenstown","Miss","1"
"1st","1","male",49,1,0,56.9291992,"Cherbourg","Sir","0"
"3rd","0","male",NA,0,0,7.75,"Queenstown","Mr","1"
"3rd","0","male",24,1,0,16.1000004,"Southampton","Mr","0"
"3rd","0","female",19,1,0,16.1000004,"Southampton","Mrs","0"
"3rd","0","female",NA,0,0,7.75,"Queenstown","Miss","1"
"3rd","0","female",NA,0,0,8.05000019,"Southampton","Miss","1"
"3rd","0","female",NA,0,0,8.05000019,"Southampton","Mrs","1"
"3rd","0","male",55.5,0,0,8.05000019,"Southampton","Mr","1"
"3rd","0","male",NA,0,0,7.75,"Queenstown","Mr","1"
"3rd","1","male",21,0,0,7.7750001,"Southampton","Mr","1"
"3rd","0","male",NA,0,0,8.05000019,"Southampton","Mr","1"
"1st","0","male",39,0,0,29.7000008,"Cherbourg","Mr","1"
"3rd","0","male",24,0,0,7.89580011,"Southampton","Mr","1"
"3rd","0","male",21,0,0,7.89580011,"Southampton","Mr","1"
"3rd","0","male",28,0,0,7.89580011,"Southampton","Mr","1"
"3rd","0","male",NA,0,0,7.89580011,"Southampton","Mr","1"
"3rd","1","female",NA,0,0,7.87919998,"Queenstown","Miss","1"
"3rd","0","male",25,0,0,7.6500001,"Southampton","Mr","1"
"3rd","1","male",6,0,1,12.4750004,"Southampton","Master","0"
"3rd","1","female",27,0,1,12.4750004,"Southampton","Mrs","0"
"3rd","0","male",NA,0,0,8.05000019,"Southampton","Mr","1"
"3rd","1","female",NA,1,0,24.1499996,"Queenstown","Miss","0"
"1st","1","female",23,0,1,83.1583023,"Cherbourg","Mrs","0"
"3rd","0","male",NA,1,0,24.1499996,"Queenstown","Mr","0"
"3rd","0","male",NA,0,0,8.45829964,"Queenstown","Mr","1"
"3rd","0","male",34,0,0,8.05000019,"Southampton","Mr","1"
"3rd","0","male",NA,0,0,7.75,"Queenstown","Mr","1"
"3rd","1","male",NA,0,0,7.7750001,"Southampton","Mr","1"
"3rd","1","male",NA,1,1,15.2458,"Cherbourg","Master","0"
"3rd","1","male",NA,1,1,15.2458,"Cherbourg","Master","0"
"3rd","1","female",NA,0,2,15.2458,"Cherbourg","Mrs","0"
"3rd","1","female",NA,0,0,7.22919989,"Cherbourg","Mrs","1"
"3rd","0","male",NA,0,0,8.05000019,"Southampton","Mr","1"
"1st","1","female",38,0,0,227.524994,"Cherbourg","Miss","1"
"3rd","1","female",NA,0,0,7.73330021,"Queenstown","Miss","1"
"3rd","1","female",24,0,0,7.75,"Queenstown","Miss","1"
"3rd","0","male",NA,0,0,8.05000019,"Southampton","Mr","1"
"3rd","1","female",NA,1,0,15.5,"Queenstown","Miss","0"
"3rd","1","female",NA,1,0,15.5,"Queenstown","Miss","0"
"3rd","1","female",NA,0,0,15.5,"Queenstown","Miss","1"
"3rd","0","male",18,0,0,7.75,"Southampton","Mr","1"
"3rd","0","male",22,0,0,7.89580011,"Southampton","Mr","1"
"3rd","1","female",15,0,0,7.2249999,"Cherbourg","Miss","1"
"3rd","1","female",1,0,2,15.7417002,"Cherbourg","Miss","0"
"1st","1","female",54,1,0,78.2667007,"Cherbourg","Miss","0"
"3rd","1","male",20,1,1,15.7417002,"Cherbourg","Mr","0"
"3rd","1","female",19,1,1,15.7417002,"Cherbourg","Mrs","0"
"3rd","0","male",33,0,0,8.05000019,"Southampton","Mr","1"
"3rd","0","male",NA,0,0,7.89580011,"Southampton","Mr","1"
"3rd","0","male",NA,0,0,7.22919989,"Cherbourg","Mr","1"
"3rd","0","female",NA,0,0,7.75,"Queenstown","Miss","1"
"3rd","0","male",NA,0,0,7.89580011,"Southampton","Mr","1"
"3rd","1","male",12,1,0,11.2417002,"Cherbourg","Master","0"
"3rd","1","female",14,1,0,11.2417002,"Cherbourg","Miss","0"
"3rd","0","female",29,0,0,7.92500019,"Southampton","Miss","1"
"1st","0","female",36,0,0,31.6791992,"Cherbourg","Miss","1"
"3rd","0","male",28,0,0,8.05000019,"Southampton","Mr","1"
"3rd","1","female",18,0,0,7.7750001,"Southampton","Miss","1"
"3rd","1","female",26,0,0,7.85419989,"Southampton","Miss","1"
"3rd","0","male",21,0,0,7.85419989,"Southampton","Mr","1"
"3rd","0","male",41,0,0,7.125,"Southampton","Mr","1"
"3rd","1","male",39,0,0,7.92500019,"Southampton","Mr","1"
"3rd","0","male",21,0,0,7.80000019,"Southampton","Mr","1"
"3rd","0","male",28.5,0,0,7.22919989,"Cherbourg","Mr","1"
"3rd","1","female",22,0,0,7.75,"Southampton","Miss","1"
"3rd","0","male",61,0,0,6.23750019,"Southampton","Mr","1"
"1st","0","male",NA,0,0,221.779205,"Southampton","Mr","1"
"3rd","0","male",NA,1,0,15.5,"Queenstown","Mr","0"
"3rd","0","male",NA,0,0,7.82919979,"Queenstown","Mr","1"
"3rd","1","female",NA,1,0,15.5,"Queenstown","Mrs","0"
"3rd","0","male",NA,0,0,7.73330021,"Queenstown","Mr","1"
"3rd","0","male",NA,0,0,7.75,"Queenstown","Mr","1"
"3rd","0","male",NA,0,0,7.75,"Queenstown","Mr","1"
"3rd","0","male",23,0,0,9.22500038,"Southampton","Mr","1"
"3rd","0","female",NA,0,0,7.75,"Queenstown","Ms","1"
"3rd","1","female",NA,0,0,7.75,"Queenstown","Miss","1"
"3rd","1","female",NA,0,0,7.87919998,"Queenstown","Miss","1"
"1st","1","female",NA,0,0,31.6833,"Southampton","Mrs","1"
"3rd","1","female",22,0,0,7.7750001,"Southampton","Miss","1"
"3rd","1","male",NA,0,0,7.75,"Queenstown","Mr","1"
"3rd","1","female",NA,0,0,7.82919979,"Queenstown","Miss","1"
"3rd","1","male",9,0,1,3.17079997,"Southampton","Master","0"
"3rd","0","male",28,0,0,22.5249996,"Southampton","Mr","1"
"3rd","0","male",42,0,1,8.4041996,"Southampton","Mr","0"
"3rd","0","male",NA,0,0,7.3125,"Southampton","Mr","1"
"3rd","0","female",31,0,0,7.85419989,"Southampton","Miss","1"
"3rd","0","male",28,0,0,7.85419989,"Southampton","Mr","1"
"3rd","1","male",32,0,0,7.7750001,"Southampton","Mr","1"
"1st","1","female",NA,0,0,110.883301,"Cherbourg","Miss","1"
"3rd","0","male",20,0,0,9.22500038,"Southampton","Mr","1"
"3rd","0","female",23,0,0,8.66250038,"Southampton","Miss","1"
"3rd","0","female",20,0,0,8.66250038,"Southampton","Miss","1"
"3rd","0","male",20,0,0,8.66250038,"Southampton","Mr","1"
"3rd","0","male",16,0,0,9.2166996,"Southampton","Mr","1"
"3rd","1","female",31,0,0,8.68330002,"Southampton","Mrs","1"
"3rd","0","female",NA,0,0,7.62919998,"Queenstown","Miss","1"
"3rd","0","male",2,3,1,21.0750008,"Southampton","Master","0"
"3rd","0","male",6,3,1,21.0750008,"Southampton","Master","0"
"3rd","0","female",3,3,1,21.0750008,"Southampton","Miss","0"
"1st","0","male",47,1,0,227.524994,"Cherbourg","Col","0"
"1st","1","male",36,0,0,26.3875008,"Southampton","Mr","1"
"3rd","0","female",8,3,1,21.0750008,"Southampton","Miss","0"
"3rd","0","female",29,0,4,21.0750008,"Southampton","Mrs","0"
"3rd","0","male",1,4,1,39.6875,"Southampton","Master","0"
"3rd","0","male",7,4,1,39.6875,"Southampton","Master","0"
"3rd","0","male",2,4,1,39.6875,"Southampton","Master","0"
"3rd","0","male",16,4,1,39.6875,"Southampton","Mr","0"
"3rd","0","male",14,4,1,39.6875,"Southampton","Mr","0"
"3rd","0","female",41,0,5,39.6875,"Southampton","Mrs","0"
"3rd","0","male",21,0,0,8.66250038,"Southampton","Mr","1"
"3rd","0","male",19,0,0,14.5,"Southampton","Mr","1"
"1st","0","male",30,0,0,27.75,"Cherbourg","Mr","1"
"3rd","0","male",NA,0,0,8.71249962,"Cherbourg","Mr","1"
"3rd","0","male",32,0,0,7.89580011,"Southampton","Mr","1"
"3rd","0","male",0.75,1,1,13.7749996,"Southampton","Master","0"
"3rd","0","female",3,1,1,13.7749996,"Southampton","Miss","0"
"3rd","0","female",26,0,2,13.7749996,"Southampton","Mrs","0"
"3rd","0","male",NA,0,0,7,"Southampton","Mr","1"
"3rd","0","male",NA,0,0,7.7750001,"Southampton","Mr","1"
"3rd","0","male",NA,0,0,8.05000019,"Southampton","Mr","1"
"3rd","0","male",21,0,0,7.92500019,"Southampton","Mr","1"
"3rd","0","male",25,0,0,7.92500019,"Southampton","Mr","1"
"1st","1","female",24,3,2,263,"Southampton","Miss","0"
"3rd","0","male",22,0,0,7.25,"Southampton","Mr","1"
"3rd","1","male",25,1,0,7.7750001,"Southampton","Mr","0"
"3rd","1","male",NA,1,1,22.3582993,"Cherbourg","Master","0"
"3rd","1","female",NA,1,1,22.3582993,"Cherbourg","Miss","0"
"3rd","1","female",NA,0,2,22.3582993,"Cherbourg","Mrs","0"
"3rd","0","female",NA,0,0,8.13749981,"Queenstown","Miss","1"
"3rd","0","male",24,0,0,8.05000019,"Southampton","Mr","1"
"3rd","0","female",28,0,0,7.89580011,"Southampton","Miss","1"
"3rd","0","male",19,0,0,7.89580011,"Southampton","Mr","1"
"3rd","0","male",NA,0,0,7.89580011,"Southampton","Mr","1"
"1st","1","female",28,3,2,263,"Southampton","Miss","0"
"3rd","0","male",25,1,0,7.7750001,"Southampton","Mr","0"
"3rd","0","female",18,0,0,7.7750001,"Southampton","Miss","1"
"3rd","1","male",32,0,0,8.05000019,"Southampton","Mr","1"
"3rd","0","male",NA,0,0,7.89580011,"Southampton","Mr","1"
"3rd","0","male",17,0,0,8.66250038,"Southampton","Mr","1"
"3rd","0","male",24,0,0,8.66250038,"Southampton","Mr","1"
"3rd","0","male",NA,0,0,7.89580011,"Southampton","Mr","1"
"3rd","0","female",NA,0,0,8.11250019,"Southampton","Mrs","1"
"3rd","0","male",NA,0,0,7.22919989,"Cherbourg","Mr","1"
"3rd","0","male",NA,0,0,7.25,"Southampton","Mr","1"
"1st","1","female",23,3,2,263,"Southampton","Miss","0"
"3rd","0","male",38,0,0,7.89580011,"Southampton","Mr","1"
"3rd","0","male",21,0,0,8.05000019,"Southampton","Mr","1"
"3rd","0","male",10,4,1,29.125,"Queenstown","Master","0"
"3rd","0","male",4,4,1,29.125,"Queenstown","Master","0"
"3rd","0","male",7,4,1,29.125,"Queenstown","Master","0"
"3rd","0","male",2,4,1,29.125,"Queenstown","Master","0"
"3rd","0","male",8,4,1,29.125,"Queenstown","Master","0"
"3rd","0","female",39,0,5,29.125,"Queenstown","Mrs","0"
"3rd","0","female",22,0,0,39.6875,"Southampton","Miss","1"
"3rd","0","male",35,0,0,7.125,"Southampton","Mr","1"
"1st","0","male",19,3,2,263,"Southampton","Mr","0"
"3rd","1","female",NA,0,0,7.72079992,"Queenstown","Miss","1"
"3rd","0","male",NA,0,0,14.5,"Southampton","Mr","1"
"3rd","0","female",NA,0,0,14.5,"Southampton","Mrs","1"
"3rd","0","male",50,1,0,14.5,"Southampton","Mr","0"
"3rd","0","female",47,1,0,14.5,"Southampton","Mrs","0"
"3rd","0","male",NA,0,0,8.05000019,"Southampton","Mr","1"
"3rd","0","male",NA,0,0,7.7750001,"Southampton","Mr","1"
"3rd","0","female",2,1,1,20.2124996,"Southampton","Miss","0"
"3rd","0","male",18,1,1,20.2124996,"Southampton","Mr","0"
"3rd","0","female",41,0,2,20.2124996,"Southampton","Mrs","0"
"1st","0","male",64,1,4,263,"Southampton","Mr","0"
"3rd","1","female",NA,0,0,8.05000019,"Southampton","Miss","1"
"3rd","0","male",50,0,0,8.05000019,"Southampton","Mr","1"
"3rd","0","male",16,0,0,8.05000019,"Southampton","Mr","1"
"3rd","1","male",NA,0,0,7.75,"Queenstown","Mr","1"
"3rd","0","male",NA,0,0,24.1499996,"Queenstown","Mr","1"
"3rd","0","male",NA,0,0,7.22919989,"Cherbourg","Mr","1"
"3rd","0","male",25,0,0,7.2249999,"Cherbourg","Mr","1"
"3rd","0","male",NA,0,0,7.2249999,"Cherbourg","Mr","1"
"3rd","0","male",NA,0,0,7.72919989,"Queenstown","Mr","1"
"3rd","0","male",NA,0,0,7.57499981,"Southampton","Mr","1"
"1st","1","female",60,1,4,263,"Southampton","Mrs","0"
"3rd","0","male",38.5,0,0,7.25,"Southampton","Mr","1"
"3rd","0","male",NA,8,2,69.5500031,"Southampton","Master","0"
"3rd","0","male",14.5,8,2,69.5500031,"Southampton","Master","0"
"3rd","0","female",NA,8,2,69.5500031,"Southampton","Miss","0"
"3rd","0","female",NA,8,2,69.5500031,"Southampton","Miss","0"
"3rd","0","female",NA,8,2,69.5500031,"Southampton","Miss","0"
"3rd","0","female",NA,8,2,69.5500031,"Southampton","Miss","0"
"3rd","0","male",NA,8,2,69.5500031,"Southampton","Mr","0"
"3rd","0","male",NA,8,2,69.5500031,"Southampton","Mr","0"
"3rd","0","male",NA,8,2,69.5500031,"Southampton","Mr","0"
"1st","1","female",30,0,0,56.9291992,"Cherbourg","Miss","1"
"3rd","0","male",NA,1,9,69.5500031,"Southampton","Mr","0"
"3rd","0","female",NA,1,9,69.5500031,"Southampton","Mrs","0"
"3rd","0","male",24,0,0,9.32499981,"Southampton","Mr","1"
"3rd","1","female",21,0,0,7.6500001,"Southampton","Miss","1"
"3rd","0","male",39,0,0,7.92500019,"Southampton","Mr","1"
"3rd","0","male",NA,2,0,21.6791992,"Cherbourg","Mr","0"
"3rd","0","male",NA,2,0,21.6791992,"Cherbourg","Mr","0"
"3rd","0","male",NA,2,0,21.6791992,"Cherbourg","Mr","0"
"3rd","1","female",1,1,1,16.7000008,"Southampton","Miss","0"
"3rd","1","female",24,0,2,16.7000008,"Southampton","Mrs","0"
"1st","0","male",NA,0,0,26.5499992,"Southampton","Mr","1"
"3rd","1","female",4,1,1,16.7000008,"Southampton","Miss","0"
"3rd","1","male",25,0,0,9.5,"Southampton","Mr","1"
"3rd","0","male",20,0,0,8.05000019,"Southampton","Mr","1"
"3rd","0","male",24.5,0,0,8.05000019,"Southampton","Mr","1"
"3rd","0","male",NA,0,0,7.7249999,"Queenstown","Mr","1"
"3rd","0","male",NA,0,0,7.89580011,"Southampton","Mr","1"
"3rd","0","male",NA,0,0,7.75,"Queenstown","Mr","1"
"3rd","1","male",29,0,0,9.5,"Southampton","Mr","1"
"3rd","0","male",NA,0,0,15.1000004,"Southampton","Mr","1"
"3rd","1","female",NA,0,0,7.77920008,"Queenstown","Miss","1"
"1st","1","female",18,1,0,227.524994,"Cherbourg","Mrs","0"
"1st","1","male",50,2,0,133.649994,"Southampton","Dr","0"
"3rd","0","male",NA,0,0,8.05000019,"Southampton","Mr","1"
"3rd","0","male",NA,0,0,8.05000019,"Southampton","Mr","1"
"3rd","0","male",22,0,0,7.22919989,"Cherbourg","Mr","1"
"3rd","0","male",NA,0,0,8.05000019,"Southampton","Mr","1"
"3rd","0","male",40,0,0,7.89580011,"Southampton","Mr","1"
"3rd","0","male",21,0,0,7.92500019,"Southampton","Mr","1"
"3rd","1","female",18,0,0,7.49580002,"Southampton","Miss","1"
"3rd","0","male",4,3,2,27.8999996,"Southampton","Master","0"
"3rd","0","male",10,3,2,27.8999996,"Southampton","Master","0"
"3rd","0","female",9,3,2,27.8999996,"Southampton","Miss","0"
"1st","1","male",43,1,0,27.7208004,"Cherbourg","Mr","0"
"3rd","0","female",2,3,2,27.8999996,"Southampton","Miss","0"
"3rd","0","male",40,1,4,27.8999996,"Southampton","Mr","0"
"3rd","0","female",45,1,4,27.8999996,"Southampton","Mrs","0"
"3rd","0","male",NA,0,0,7.89580011,"Southampton","Mr","1"
"3rd","0","male",NA,0,0,8.05000019,"Southampton","Mr","1"
"3rd","0","male",NA,0,0,8.66250038,"Southampton","Mr","1"
"3rd","0","male",NA,0,0,7.75,"Queenstown","Mr","1"
"3rd","1","female",NA,0,0,7.73330021,"Queenstown","Miss","1"
"3rd","0","male",19,0,0,7.6500001,"Southampton","Mr","1"
"3rd","0","male",30,0,0,8.05000019,"Southampton","Mr","1"
"1st","1","female",NA,1,0,133.649994,"Southampton","Mrs","0"
"3rd","0","male",NA,0,0,8.05000019,"Southampton","Mr","1"
"3rd","0","male",32,0,0,8.05000019,"Southampton","Mr","1"
"3rd","0","male",NA,0,0,7.89580011,"Southampton","Mr","1"
"3rd","0","male",33,0,0,8.66250038,"Cherbourg","Mr","1"
"3rd","1","female",23,0,0,7.55000019,"Southampton","Miss","1"
"3rd","0","male",21,0,0,8.05000019,"Southampton","Mr","1"
"3rd","0","male",60.5,0,0,33.2954793864144,"Southampton","Mr","1"
"3rd","0","male",19,0,0,7.89580011,"Southampton","Mr","1"
"3rd","0","female",22,0,0,9.83749962,"Southampton","Miss","1"
"3rd","1","male",31,0,0,7.92500019,"Southampton","Mr","1"
"1st","1","female",22,0,2,49.5,"Cherbourg","Miss","0"
"3rd","0","male",27,0,0,8.66250038,"Southampton","Mr","1"
"3rd","0","female",2,0,1,10.4624996,"Southampton","Miss","0"
"3rd","0","female",29,1,1,10.4624996,"Southampton","Mrs","0"
"3rd","1","male",16,0,0,8.05000019,"Southampton","Mr","1"
"3rd","1","male",44,0,0,7.92500019,"Southampton","Mr","1"
"3rd","0","male",25,0,0,7.05000019,"Southampton","Mr","1"
"3rd","0","male",74,0,0,7.7750001,"Southampton","Mr","1"
"3rd","1","male",14,0,0,9.22500038,"Southampton","Mr","1"
"3rd","0","male",24,0,0,7.79580021,"Southampton","Mr","1"
"3rd","1","male",25,0,0,7.79580021,"Southampton","Mr","1"
"1st","1","male",60,1,1,79.1999969,"Cherbourg","Mr","0"
"3rd","0","male",34,0,0,8.05000019,"Southampton","Mr","1"
"3rd","1","male",0.416700006,0,1,8.51669979,"Cherbourg","Master","0"
"3rd","0","male",NA,1,0,6.4375,"Cherbourg","Mr","0"
"3rd","0","male",NA,0,0,6.4375,"Cherbourg","Mr","1"
"3rd","0","male",NA,0,0,7.2249999,"Cherbourg","Mr","1"
"3rd","1","female",16,1,1,8.51669979,"Cherbourg","Mrs","0"
"3rd","0","male",NA,0,0,8.05000019,"Southampton","Mr","1"
"3rd","0","male",NA,1,0,16.1000004,"Southampton","Mr","0"
"3rd","1","female",NA,1,0,16.1000004,"Southampton","Mrs","0"
"3rd","0","male",32,0,0,7.92500019,"Southampton","Mr","1"
"1st","1","female",48,1,1,79.1999969,"Cherbourg","Mrs","0"
"3rd","0","male",NA,0,0,7.75,"Queenstown","Mr","1"
"3rd","0","male",NA,0,0,7.89580011,"Southampton","Mr","1"
"3rd","0","male",30.5,0,0,8.05000019,"Southampton","Mr","1"
"3rd","0","male",44,0,0,8.05000019,"Southampton","Mr","1"
"3rd","0","male",NA,0,0,7.22919989,"Cherbourg","Mr","1"
"3rd","1","male",25,0,0,0,"Southampton","Mr","1"
"3rd","0","male",NA,0,0,7.22919989,"Cherbourg","Mr","1"
"3rd","1","male",7,1,1,15.2458,"Cherbourg","Master","0"
"3rd","1","female",9,1,1,15.2458,"Cherbourg","Miss","0"
"3rd","1","female",29,0,2,15.2458,"Cherbourg","Mrs","0"
"1st","0","male",NA,0,0,0,"Southampton","Mr","1"
"3rd","0","male",36,0,0,7.89580011,"Southampton","Mr","1"
"3rd","1","female",18,0,0,9.8416996,"Southampton","Miss","1"
"3rd","1","female",63,0,0,9.58749962,"Southampton","Mrs","1"
"3rd","0","male",NA,1,1,14.5,"Southampton","Master","0"
"3rd","0","male",11.5,1,1,14.5,"Southampton","Master","0"
"3rd","0","male",40.5,0,2,14.5,"Southampton","Mr","0"
"3rd","0","female",10,0,2,24.1499996,"Southampton","Miss","0"
"3rd","0","male",36,1,1,24.1499996,"Southampton","Mr","0"
"3rd","0","female",30,1,1,24.1499996,"Southampton","Mrs","0"
"3rd","0","male",NA,0,0,9.5,"Southampton","Mr","1"
"1st","0","male",37,1,0,53.0999985,"Southampton","Mr","0"
"3rd","0","male",33,0,0,9.5,"Southampton","Mr","1"
"3rd","0","male",28,0,0,9.5,"Southampton","Mr","1"
"3rd","0","male",28,0,0,9.5,"Southampton","Mr","1"
"3rd","0","male",47,0,0,9,"Southampton","Mr","1"
"3rd","0","female",18,2,0,18,"Southampton","Miss","0"
"3rd","0","male",31,3,0,18,"Southampton","Mr","0"
"3rd","0","male",16,2,0,18,"Southampton","Mr","0"
"3rd","0","female",31,1,0,18,"Southampton","Mrs","0"
"3rd","1","male",22,0,0,7.2249999,"Cherbourg","Mr","1"
"3rd","0","male",20,0,0,7.85419989,"Southampton","Mr","1"
"1st","1","female",35,1,0,53.0999985,"Southampton","Mrs","0"
"3rd","0","female",14,0,0,7.85419989,"Southampton","Miss","1"
"3rd","0","male",22,0,0,7.89580011,"Southampton","Mr","1"
"3rd","0","male",22,0,0,9,"Southampton","Mr","1"
"3rd","0","male",NA,0,0,8.05000019,"Southampton","Mr","1"
"3rd","0","male",NA,0,0,7.55000019,"Southampton","Mr","1"
"3rd","0","male",NA,0,0,8.05000019,"Southampton","Mr","1"
"3rd","0","male",32.5,0,0,9.5,"Southampton","Mr","1"
"3rd","1","female",38,0,0,7.22919989,"Cherbourg","Mrs","1"
"3rd","0","male",51,0,0,7.75,"Southampton","Mr","1"
"3rd","0","male",18,1,0,6.49580002,"Southampton","Mr","0"
"1st","0","male",47,0,0,38.5,"Southampton","Mr","1"
"3rd","0","male",21,1,0,6.49580002,"Southampton","Mr","0"
"3rd","1","female",47,1,0,7,"Southampton","Mrs","0"
"3rd","0","male",NA,0,0,8.71249962,"Southampton","Mr","1"
"3rd","0","male",NA,0,0,7.55000019,"Southampton","Mr","1"
"3rd","0","male",NA,0,0,8.05000019,"Southampton","Mr","1"
"3rd","0","male",28.5,0,0,16.1000004,"Southampton","Mr","1"
"3rd","0","male",21,0,0,7.25,"Southampton","Mr","1"
"3rd","0","male",27,0,0,8.66250038,"Southampton","Mr","1"
"3rd","0","male",NA,0,0,7.25,"Southampton","Mr","1"
"3rd","0","male",36,0,0,9.5,"Southampton","Mr","1"
"1st","1","female",24,0,0,69.3000031,"Cherbourg","Mme","1"
"1st","1","female",35,0,0,211.5,"Cherbourg","Miss","1"
"3rd","0","male",27,1,0,14.4541998,"Cherbourg","Mr","0"
"3rd","1","female",15,1,0,14.4541998,"Cherbourg","Mrs","0"
"3rd","0","male",45.5,0,0,7.2249999,"Cherbourg","Mr","1"
"3rd","0","male",NA,0,0,7.2249999,"Cherbourg","Mr","1"
"3rd","0","male",NA,0,0,14.4582996,"Cherbourg","Mr","1"
"3rd","0","female",14.5,1,0,14.4541998,"Cherbourg","Miss","0"
"3rd","0","female",NA,1,0,14.4541998,"Cherbourg","Miss","0"
"3rd","0","male",26.5,0,0,7.2249999,"Cherbourg","Mr","1"
"3rd","0","male",27,0,0,7.2249999,"Cherbourg","Mr","1"
"3rd","0","male",29,0,0,7.875,"Southampton","Mr","1"
"1st","1","female",22,0,1,59.4000015,"Cherbourg","Miss","0"
"1st","1","female",45,0,1,59.4000015,"Cherbourg","Mrs","0"
"1st","0","male",24,0,0,79.1999969,"Cherbourg","Mr","1"
"1st","1","male",49,1,0,89.1042023,"Cherbourg","Mr","0"
"1st","1","female",NA,1,0,89.1042023,"Cherbourg","Mrs","0"
"1st","0","male",71,0,0,34.6542015,"Cherbourg","Mr","1"
"1st","1","male",53,0,0,28.5,"Cherbourg","Col","1"
"1st","1","female",19,0,0,30,"Southampton","Miss","1"
"1st","0","male",38,0,1,153.462494,"Southampton","Mr","0"
"1st","1","female",26,0,0,78.8499985,"Southampton","Miss","1"
"1st","1","female",58,0,1,153.462494,"Southampton","Mrs","0"
"1st","1","male",23,0,1,63.3582993,"Cherbourg","Mr","0"
"1st","1","female",45,0,1,63.3582993,"Cherbourg","Mrs","0"
"1st","0","male",46,0,0,79.1999969,"Cherbourg","Mr","1"
"1st","1","male",25,1,0,55.4417,"Cherbourg","Mr","0"
"1st","1","female",25,1,0,55.4417,"Cherbourg","Mrs","0"
"1st","1","male",48,1,0,76.7292023,"Cherbourg","Mr","0"
"1st","1","female",49,1,0,76.7292023,"Cherbourg","Mrs","0"
"1st","0","male",NA,0,0,42.4000015,"Southampton","Mr","1"
"1st","0","male",45,1,0,83.4749985,"Southampton","Mr","0"
"1st","1","male",80,0,0,30,"Southampton","Mr","1"
"1st","1","female",35,1,0,83.4749985,"Southampton","Mrs","0"
"1st","0","male",40,0,0,0,"Southampton","Mr","1"
"1st","1","male",27,0,0,76.7292023,"Cherbourg","Mr","1"
"1st","1","male",NA,0,0,30,"Southampton","Mr","1"
"1st","1","female",24,0,0,83.1583023,"Cherbourg","Miss","1"
"1st","0","male",55,1,1,93.5,"Southampton","Mr","0"
"1st","1","female",52,1,1,93.5,"Southampton","Mrs","0"
"1st","0","male",42,0,0,42.5,"Southampton","Mr","1"
"1st","0","male",NA,0,0,51.8624992,"Southampton","Mr","1"
"1st","0","male",55,0,0,50,"Southampton","Mr","1"
"1st","0","male",NA,0,0,25.9249992,"Southampton","Mr","1"
"1st","1","female",16,0,1,57.9791985,"Cherbourg","Miss","0"
"1st","1","female",44,0,1,57.9791985,"Cherbourg","Mrs","0"
"1st","1","female",51,1,0,77.9582977,"Southampton","Mrs","0"
"1st","0","male",42,1,0,52,"Southampton","Mr","0"
"1st","1","female",35,1,0,52,"Southampton","Mrs","0"
"1st","1","male",35,0,0,26.5499992,"Cherbourg","Mr","1"
"1st","1","male",38,1,0,90,"Southampton","Mr","0"
"1st","0","male",NA,0,0,30.6958008,"Cherbourg","Mr","1"
"1st","1","female",35,1,0,90,"Southampton","Mrs","0"
"1st","1","female",38,0,0,80,"Southampton","Miss","1"
"1st","0","male",24,0,1,247.520798,"Cherbourg","Mr","0"
"1st","0","female",50,0,0,28.7124996,"Cherbourg","Miss","1"
"1st","1","male",49,0,0,0,"Southampton","Mr","1"
"1st","0","male",46,0,0,26,"Southampton","Mr","1"
"1st","0","male",50,0,0,26,"Southampton","Mr","1"
"1st","0","male",32.5,0,0,211.5,"Cherbourg","Mr","1"
"1st","0","male",58,0,0,29.7000008,"Cherbourg","Mr","1"
"1st","0","male",41,1,0,51.8624992,"Southampton","Mr","0"
"1st","1","female",NA,1,0,51.8624992,"Southampton","Mrs","0"
"1st","1","male",42,1,0,52.5541992,"Southampton","Mr","0"
"1st","1","female",45,1,0,52.5541992,"Southampton","Mrs","0"
"1st","1","female",50,0,1,247.520798,"Cherbourg","Mrs","0"
"1st","0","male",NA,0,0,26.5499992,"Southampton","Mr","1"
"1st","1","female",39,0,0,211.337494,"Southampton","Miss","1"
"1st","1","female",49,0,0,25.9291992,"Southampton","Dr","1"
"1st","1","female",30,0,0,106.425003,"Cherbourg","Miss","1"
"1st","1","male",35,0,0,512.329224,"Cherbourg","Mr","1"
"1st","0","male",NA,0,0,27.7208004,"Cherbourg","Mr","1"
"1st","0","male",42,0,0,26.5499992,"Southampton","Mr","1"
"1st","1","female",55,0,0,27.7208004,"Cherbourg","Mrs","1"
"1st","1","female",16,0,1,39.4000015,"Southampton","Miss","0"
"1st","1","female",51,0,1,39.4000015,"Southampton","Mrs","0"
"1st","1","female",32,0,0,76.2917023,"Cherbourg","Miss","1"
"1st","0","male",29,0,0,30,"Southampton","Mr","1"
"1st","1","female",21,0,0,77.9582977,"Southampton","Miss","1"
"1st","0","male",30,0,0,45.5,"Southampton","Mr","1"
"1st","1","female",58,0,0,146.520798,"Cherbourg","Miss","1"
"1st","1","female",15,0,1,211.337494,"Southampton","Miss","0"
"1st","0","male",30,0,0,26,"Southampton","Mr","1"
"1st","1","female",16,0,0,86.5,"Southampton","Miss","1"
"1st","1","male",NA,0,0,29.7000008,"Cherbourg","Mr","1"
"1st","0","male",19,1,0,53.0999985,"Southampton","Mr","0"
"1st","1","female",18,1,0,53.0999985,"Southampton","Mrs","0"
"1st","1","male",0.916700006,1,2,151.550003,"Southampton","Master","0"
"1st","0","male",36,0,0,75.2416992,"Cherbourg","Mr","1"
"1st","1","female",24,0,0,49.5042,"Cherbourg","Mlle","1"
"1st","0","male",46,0,0,75.2416992,"Cherbourg","Mr","1"
"1st","0","male",54,0,0,51.8624992,"Southampton","Mr","1"
"1st","1","male",36,0,0,26.2875004,"Southampton","Mr","1"
"1st","0","male",28,1,0,82.1707993,"Cherbourg","Mr","0"
"1st","1","female",NA,1,0,82.1707993,"Cherbourg","Mrs","0"
"1st","0","male",65,0,0,26.5499992,"Southampton","Mr","1"
"1st","0","male",44,2,0,90,"Queenstown","Dr","0"
"1st","1","female",33,1,0,90,"Queenstown","Miss","0"
"1st","1","female",37,1,0,90,"Queenstown","Mrs","0"
"1st","1","male",37,1,1,52.5541992,"Southampton","Mr","0"
"1st","1","male",30,1,0,57.75,"Cherbourg","Mr","0"
"1st","0","male",55,0,0,30.5,"Southampton","Mr","1"
"1st","0","male",47,0,0,42.4000015,"Southampton","Mr","1"
"1st","0","male",37,0,1,29.7000008,"Cherbourg","Mr","0"
"1st","1","female",31,1,0,113.275002,"Cherbourg","Miss","0"
"1st","1","female",23,1,0,113.275002,"Cherbourg","Miss","0"
"1st","0","male",58,0,2,113.275002,"Cherbourg","Mr","0"
"1st","1","female",19,0,2,26.2833004,"Southampton","Miss","0"
"1st","0","male",64,0,0,26,"Southampton","Mr","1"
"1st","1","female",39,0,0,108.900002,"Cherbourg","Dona","1"
"1st","1","female",47,1,1,52.5541992,"Southampton","Mrs","0"
"1st","1","male",NA,0,0,25.7416992,"Cherbourg","Mr","1"
"1st","1","female",22,0,1,61.9791985,"Cherbourg","Miss","0"
"1st","0","male",65,0,1,61.9791985,"Cherbourg","Mr","0"
"1st","0","male",28.5,0,0,27.7208004,"Cherbourg","Mr","1"
"1st","0","male",NA,0,0,0,"Southampton","Mr","1"
"1st","0","male",45.5,0,0,28.5,"Southampton","Mr","1"
"1st","0","male",23,0,0,93.5,"Southampton","Mr","1"
"1st","0","male",29,1,0,66.5999985,"Southampton","Mr","0"
"1st","1","female",22,1,0,66.5999985,"Southampton","Mrs","0"
"1st","0","male",18,1,0,108.900002,"Cherbourg","Mr","0"
"1st","1","male",26,0,0,30,"Cherbourg","Mr","1"
"1st","1","female",17,1,0,108.900002,"Cherbourg","Mrs","0"
"1st","1","female",30,0,0,93.5,"Southampton","Miss","1"
"1st","1","male",52,0,0,30.5,"Southampton","Major","1"
"1st","0","male",47,0,0,52,"Southampton","Mr","1"
"1st","1","female",56,0,1,83.1583023,"Cherbourg","Mrs","0"
"1st","0","male",38,0,0,0,"Southampton","Jonkheer","1"
"1st","1","male",NA,0,0,39.5999985,"Southampton","Mr","1"
"1st","0","male",22,0,0,135.633301,"Cherbourg","Mr","1"
"1st","0","male",NA,0,0,227.524994,"Cherbourg","Mr","1"
"1st","1","female",43,0,1,211.337494,"Southampton","Mrs","0"
"1st","1","female",42,0,0,227.524994,"Cherbourg","Miss","1"
"1st","0","male",31,0,0,50.4958,"Southampton","Mr","1"
"1st","1","male",45,0,0,26.5499992,"Southampton","Mr","1"
"1st","0","male",NA,0,0,50,"Southampton","Mr","1"
"1st","1","female",33,0,0,27.7208004,"Cherbourg","Miss","1"
"1st","0","male",46,0,0,79.1999969,"Cherbourg","Mr","1"
"1st","0","male",36,0,0,40.125,"Cherbourg","Mr","1"
"1st","1","female",33,0,0,86.5,"Southampton","Countess","1"
"1st","0","male",55,1,0,59.4000015,"Cherbourg","Mr","0"
"1st","1","female",54,1,0,59.4000015,"Cherbourg","Mrs","0"
"1st","0","male",33,0,0,26.5499992,"Southampton","Mr","1"
"1st","1","female",29,0,0,221.779205,"Southampton","Miss","1"
"1st","1","male",13,2,2,262.375,"Cherbourg","Master","0"
"1st","1","female",18,2,2,262.375,"Cherbourg","Miss","0"
"1st","1","female",21,2,2,262.375,"Cherbourg","Miss","0"
"1st","0","male",61,1,3,262.375,"Cherbourg","Mr","0"
"1st","1","female",48,1,3,262.375,"Cherbourg","Mrs","0"
"1st","1","male",NA,0,0,30.5,"Southampton","Mr","1"
"1st","1","female",24,0,0,69.3000031,"Cherbourg","Mlle","1"
"1st","1","male",NA,0,0,26,"Southampton","Mr","1"
"1st","1","female",35,1,0,57.75,"Cherbourg","Mrs","0"
"1st","1","female",30,0,0,31,"Cherbourg","Miss","1"
"1st","0","male",25,0,0,26,"Cherbourg","Mr","1"
"1st","1","male",34,0,0,26.5499992,"Southampton","Mr","1"
"1st","1","female",40,0,0,153.462494,"Southampton","Miss","1"
"1st","1","male",35,0,0,26.2875004,"Southampton","Mr","1"
"1st","0","male",50,1,0,55.9000015,"Southampton","Mr","0"
"1st","1","female",39,1,0,55.9000015,"Southampton","Mrs","0"
"1st","1","male",56,0,0,35.5,"Cherbourg","Col","1"
"1st","1","male",28,0,0,35.5,"Southampton","Mr","1"
"1st","0","male",56,0,0,26.5499992,"Southampton","Mr","1"
"1st","0","male",56,0,0,30.6958008,"Cherbourg","Mr","1"
"1st","0","male",24,1,0,60,"Southampton","Mr","0"
"1st","1","male",25,1,0,91.0792007,"Cherbourg","Mr","0"
"1st","0","male",NA,0,0,26,"Southampton","Mr","1"
"1st","1","female",18,1,0,60,"Southampton","Mrs","0"
"1st","1","male",24,1,0,82.2667007,"Southampton","Mr","0"
"1st","1","female",23,1,0,82.2667007,"Southampton","Mrs","0"
"1st","1","male",6,0,2,134.5,"Cherbourg","Master","0"
"1st","1","male",45,1,1,134.5,"Cherbourg","Mr","0"
"1st","1","female",40,1,1,134.5,"Cherbourg","Mrs","0"
"1st","0","male",57,1,0,146.520798,"Cherbourg","Mr","0"
"1st","1","female",NA,1,0,146.520798,"Cherbourg","Mrs","0"
"1st","1","male",32,0,0,30.5,"Cherbourg","Dr","1"
"1st","1","female",19,1,0,91.0792007,"Cherbourg","Mrs","0"
"1st","0","male",62,0,0,26.5499992,"Southampton","Mr","1"
"1st","1","male",54,1,0,55.4417,"Cherbourg","Mr","0"
"1st","1","female",43,1,0,55.4417,"Cherbourg","Mrs","0"
"1st","1","female",52,1,0,78.2667007,"Cherbourg","Mrs","0"
"1st","0","male",NA,0,0,27.7208004,"Cherbourg","Mr","1"
"1st","1","female",62,0,0,80,"Southampton","Mrs","1"
"1st","0","male",67,1,0,221.779205,"Southampton","Mr","0"
"1st","0","female",63,1,0,221.779205,"Southampton","Mrs","0"
"1st","0","male",61,0,0,32.3208008,"Southampton","Mr","1"
"1st","1","female",48,0,0,25.9291992,"Southampton","Mrs","1"
"1st","1","female",35,0,0,135.633301,"Southampton","Miss","1"
"1st","1","female",18,0,2,79.6500015,"Southampton","Miss","0"
"1st","0","male",52,1,1,79.6500015,"Southampton","Mr","0"
"1st","1","female",39,1,1,79.6500015,"Southampton","Mrs","0"
"1st","1","male",48,1,0,52,"Southampton","Mr","0"
"1st","1","female",NA,1,0,52,"Southampton","Mrs","0"
"1st","0","male",49,1,1,110.883301,"Cherbourg","Mr","0"
"1st","1","male",17,0,2,110.883301,"Cherbourg","Mr","0"
"1st","1","female",39,1,1,110.883301,"Cherbourg","Mrs","0"
"1st","1","female",NA,0,0,79.1999969,"Cherbourg","Mrs","1"
"1st","1","male",31,0,0,28.5375004,"Cherbourg","Mr","1"
"1st","0","female",2,1,2,151.550003,"Southampton","Miss","0"
"1st","1","male",28,0,0,26.5499992,"Southampton","Mr","1"
"1st","0","male",40,0,0,27.7208004,"Cherbourg","Don","1"
"1st","0","male",61,0,0,33.5,"Southampton","Mr","1"
"1st","0","male",47,0,0,34.0208015,"Southampton","Mr","1"
"1st","1","female",35,0,0,512.329224,"Cherbourg","Miss","1"
"1st","0","male",64,1,0,75.25,"Cherbourg","Mr","0"
"1st","1","female",60,1,0,75.25,"Cherbourg","Mrs","0"
"1st","0","male",60,0,0,26.5499992,"Southampton","Col","1"
"1st","0","male",54,0,1,77.2874985,"Southampton","Mr","0"
"1st","0","male",21,0,1,77.2874985,"Southampton","Mr","0"
"1st","1","female",55,0,0,135.633301,"Cherbourg","Mrs","1"
"1st","0","male",45,0,0,35.5,"Southampton","Mr","1"
"1st","1","female",31,0,2,164.866699,"Southampton","Miss","0"
"1st","0","male",57,1,1,164.866699,"Southampton","Mr","0"
"1st","1","female",45,1,1,164.866699,"Southampton","Mrs","0"
"1st","0","male",50,1,1,211.5,"Cherbourg","Mr","0"
"1st","0","male",27,0,2,211.5,"Cherbourg","Mr","0"
"1st","1","female",50,1,1,211.5,"Cherbourg","Mrs","0"
"1st","1","female",21,0,0,26.5499992,"Southampton","Miss","1"
"1st","0","male",51,0,1,61.3792,"Cherbourg","Mr","0"
"1st","1","male",21,0,1,61.3792,"Cherbourg","Mr","0"
"1st","0","male",NA,0,0,35,"Southampton","Mr","1"
"1st","1","male",40,0,0,31,"Cherbourg","Mr","1"
"1st","1","female",31,0,0,134.5,"Cherbourg","Miss","1"
"1st","1","male",NA,0,0,35.5,"Southampton","Mr","1"
"1st","0","male",62,0,0,26.5499992,"Southampton","Mr","1"
"1st","1","female",36,0,0,135.633301,"Cherbourg","Miss","1"
"2nd","0","male",30,1,0,24,"Cherbourg","Mr","0"
"2nd","1","female",28,1,0,24,"Cherbourg","Mrs","0"
"2nd","0","male",30,0,0,13,"Southampton","Mr","1"
"2nd","0","male",18,0,0,11.5,"Southampton","Mr","1"
"2nd","0","male",25,0,0,10.5,"Southampton","Mr","1"
"2nd","0","male",34,1,0,26,"Southampton","Mr","0"
"1st","1","female",30,0,0,164.866699,"Southampton","Miss","1"
"2nd","1","female",36,1,0,26,"Southampton","Mrs","0"
"2nd","0","male",57,0,0,13,"Southampton","Mr","1"
"2nd","0","male",18,0,0,11.5,"Southampton","Mr","1"
"2nd","0","male",23,0,0,10.5,"Southampton","Mr","1"
"2nd","1","female",36,0,0,13,"Southampton","Mrs","1"
"2nd","0","male",28,0,0,10.5,"Southampton","Mr","1"
"2nd","0","male",51,0,0,12.5249996,"Southampton","Rev","1"
"2nd","1","male",32,1,0,26,"Southampton","Mr","0"
"2nd","1","female",19,1,0,26,"Southampton","Mrs","0"
"2nd","0","male",28,0,0,26,"Southampton","Mr","1"
"1st","1","female",58,0,0,26.5499992,"Southampton","Miss","1"
"2nd","1","male",1,2,1,39,"Southampton","Master","0"
"2nd","1","female",4,2,1,39,"Southampton","Miss","0"
"2nd","1","female",12,2,1,39,"Southampton","Miss","0"
"2nd","1","female",36,0,3,39,"Southampton","Mrs","0"
"2nd","1","male",34,0,0,13,"Southampton","Mr","1"
"2nd","1","female",19,0,0,13,"Southampton","Miss","1"
"2nd","0","male",23,0,0,13,"Southampton","Mr","1"
"2nd","0","male",26,0,0,13,"Southampton","Mr","1"
"2nd","0","male",42,0,0,13,"Southampton","Mr","1"
"2nd","0","male",27,0,0,13,"Southampton","Mr","1"
"1st","0","male",42,0,0,26.5499992,"Southampton","Mr","1"
"2nd","1","female",24,0,0,13,"Southampton","Miss","1"
"2nd","1","female",15,0,2,39,"Southampton","Miss","0"
"2nd","0","male",60,1,1,39,"Southampton","Mr","0"
"2nd","1","female",40,1,1,39,"Southampton","Mrs","0"
"2nd","1","female",20,1,0,26,"Southampton","Miss","0"
"2nd","0","male",25,1,0,26,"Southampton","Mr","0"
"2nd","1","female",36,0,0,13,"Southampton","Miss","1"
"2nd","0","male",25,0,0,13,"Southampton","Mr","1"
"2nd","0","male",42,0,0,13,"Southampton","Rev","1"
"2nd","1","female",42,0,0,13,"Southampton","Mrs","1"
"1st","1","female",45,0,0,262.375,"Cherbourg","Miss","1"
"2nd","1","male",0.833299994,0,2,29,"Southampton","Master","0"
"2nd","1","male",26,1,1,29,"Southampton","Mr","0"
"2nd","1","female",22,1,1,29,"Southampton","Mrs","0"
"2nd","1","female",35,0,0,21,"Southampton","Miss","1"
"2nd","0","male",NA,0,0,0,"Southampton","Mr","1"
"2nd","0","male",19,0,0,13,"Southampton","Mr","1"
"2nd","0","female",44,1,0,26,"Southampton","Mrs","0"
"2nd","0","male",54,1,0,26,"Southampton","Rev","0"
"2nd","0","male",52,0,0,13.5,"Southampton","Mr","1"
"2nd","0","male",37,1,0,26,"Southampton","Mr","0"
"1st","1","female",22,0,1,55,"Southampton","Miss","0"
"2nd","0","female",29,1,0,26,"Southampton","Mrs","0"
"2nd","1","female",25,1,1,30,"Southampton","Miss","0"
"2nd","1","female",45,0,2,30,"Southampton","Mrs","0"
"2nd","0","male",29,1,0,26,"Southampton","Mr","0"
"2nd","1","female",28,1,0,26,"Southampton","Mrs","0"
"2nd","0","male",29,0,0,10.5,"Southampton","Mr","1"
"2nd","0","male",28,0,0,13,"Southampton","Mr","1"
"2nd","1","male",24,0,0,10.5,"Southampton","Mr","1"
"2nd","1","female",8,0,2,26.25,"Southampton","Miss","0"
"2nd","0","male",31,1,1,26.25,"Southampton","Mr","0"
"1st","1","male",NA,0,0,26.5499992,"Southampton","Mr","1"
"2nd","1","female",31,1,1,26.25,"Southampton","Mrs","0"
"2nd","1","female",22,0,0,10.5,"Southampton","Mrs","1"
"2nd","0","female",30,0,0,13,"Southampton","Mrs","1"
"2nd","0","female",NA,0,0,21,"Southampton","Mrs","1"
"2nd","0","male",21,0,0,11.5,"Southampton","Mr","1"
"2nd","0","male",NA,0,0,0,"Southampton","Mr","1"
"2nd","1","male",8,1,1,36.75,"Southampton","Master","0"
"2nd","0","male",18,0,0,73.5,"Southampton","Mr","1"
"2nd","1","female",48,0,2,36.75,"Southampton","Mrs","0"
"2nd","1","female",28,0,0,13,"Southampton","Miss","1"
"1st","0","male",41,0,0,30.5,"Southampton","Mr","1"
"2nd","0","male",32,0,0,13,"Southampton","Mr","1"
"2nd","0","male",17,0,0,73.5,"Southampton","Mr","1"
"2nd","0","male",29,1,0,27.7208004,"Cherbourg","Mr","0"
"2nd","1","female",24,1,0,27.7208004,"Cherbourg","Mrs","0"
"2nd","0","male",25,0,0,31.5,"Southampton","Mr","1"
"2nd","0","male",18,0,0,73.5,"Southampton","Mr","1"
"2nd","1","female",18,0,1,23,"Southampton","Miss","0"
"2nd","1","female",34,0,1,23,"Southampton","Mrs","0"
"2nd","0","male",54,0,0,26,"Southampton","Mr","1"
"2nd","1","male",8,0,2,32.5,"Southampton","Master","0"
"1st","0","male",30,1,2,151.550003,"Southampton","Mr","0"
"1st","0","male",48,0,0,50.4958,"Cherbourg","Mr","1"
"2nd","0","male",42,1,1,32.5,"Southampton","Mr","0"
"2nd","1","female",34,1,1,32.5,"Southampton","Mrs","0"
"2nd","1","female",27,1,0,13.8583002,"Cherbourg","Miss","0"
"2nd","1","female",30,1,0,13.8583002,"Cherbourg","Miss","0"
"2nd","0","male",23,0,0,13,"Southampton","Mr","1"
"2nd","0","male",21,0,0,13,"Southampton","Mr","1"
"2nd","0","male",18,0,0,13,"Southampton","Mr","1"
"2nd","0","male",40,1,0,26,"Southampton","Mr","0"
"2nd","1","female",29,1,0,26,"Southampton","Mrs","0"
"2nd","0","male",18,0,0,10.5,"Southampton","Mr","1"
"1st","0","male",NA,0,0,39.5999985,"Cherbourg","Dr","1"
"2nd","0","male",36,0,0,13,"Southampton","Mr","1"
"2nd","0","male",NA,0,0,0,"Southampton","Mr","1"
"2nd","0","female",38,0,0,13,"Southampton","Miss","1"
"2nd","0","male",35,0,0,26,"Southampton","Mr","1"
"2nd","0","male",38,1,0,21,"Southampton","Mr","0"
"2nd","0","male",34,1,0,21,"Southampton","Mr","0"
"2nd","1","female",34,0,0,13,"Southampton","Miss","1"
"2nd","0","male",16,0,0,26,"Southampton","Mr","1"
"2nd","0","male",26,0,0,10.5,"Southampton","Mr","1"
"2nd","0","male",47,0,0,10.5,"Southampton","Mr","1"
"1st","1","female",44,0,0,27.7208004,"Cherbourg","Mrs","1"
"2nd","0","male",21,1,0,11.5,"Southampton","Mr","0"
"2nd","0","male",21,1,0,11.5,"Southampton","Mr","0"
"2nd","0","male",24,0,0,13.5,"Southampton","Mr","1"
"2nd","0","male",24,0,0,13,"Southampton","Mr","1"
"2nd","0","male",34,0,0,13,"Southampton","Mr","1"
"2nd","0","male",30,0,0,13,"Southampton","Mr","1"
"2nd","0","male",52,0,0,13,"Southampton","Mr","1"
"2nd","0","male",30,0,0,13,"Southampton","Mr","1"
"2nd","1","male",0.666700006,1,1,14.5,"Southampton","Master","0"
"2nd","1","female",24,0,2,14.5,"Southampton","Mrs","0"
"1st","1","female",59,2,0,51.4791985,"Southampton","Mrs","0"
"2nd","0","male",44,0,0,13,"Southampton","Mr","1"
"2nd","1","female",6,0,1,33,"Southampton","Miss","0"
"2nd","0","male",28,0,1,33,"Southampton","Rev","0"
"2nd","1","male",62,0,0,10.5,"Southampton","Mr","1"
"2nd","0","male",30,0,0,10.5,"Southampton","Mr","1"
"2nd","1","female",7,0,2,26.25,"Southampton","Miss","0"
"2nd","0","male",43,1,1,26.25,"Southampton","Mr","0"
"2nd","1","female",45,1,1,26.25,"Southampton","Mrs","0"
"2nd","1","female",24,1,2,65,"Southampton","Miss","0"
"2nd","1","female",24,1,2,65,"Southampton","Miss","0"
"1st","1","female",60,0,0,76.2917023,"Cherbourg","Mrs","1"
"2nd","0","male",49,1,2,65,"Southampton","Mr","0"
"2nd","1","female",48,1,2,65,"Southampton","Mrs","0"
"2nd","1","female",55,0,0,16,"Southampton","Mrs","1"
"2nd","0","male",24,2,0,73.5,"Southampton","Mr","0"
"2nd","0","male",32,2,0,73.5,"Southampton","Mr","0"
"2nd","0","male",21,2,0,73.5,"Southampton","Mr","0"
"2nd","0","female",18,1,1,13,"Southampton","Miss","0"
"2nd","1","female",20,2,1,23,"Southampton","Miss","0"
"2nd","0","male",23,2,1,11.5,"Southampton","Mr","0"
"2nd","0","male",36,0,0,13,"Southampton","Mr","1"
"1st","1","female",41,0,0,134.5,"Cherbourg","Miss","1"
"2nd","1","female",54,1,3,23,"Southampton","Mrs","0"
"2nd","0","male",50,0,0,13,"Southampton","Mr","1"
"2nd","0","male",44,1,0,26,"Southampton","Mr","0"
"2nd","1","female",29,1,0,26,"Southampton","Mrs","0"
"2nd","0","male",21,0,0,73.5,"Southampton","Mr","1"
"2nd","1","male",42,0,0,13,"Southampton","Mr","1"
"2nd","0","male",63,1,0,26,"Southampton","Mr","0"
"2nd","0","female",60,1,0,26,"Southampton","Mrs","0"
"2nd","0","male",33,0,0,12.2749996,"Southampton","Mr","1"
"2nd","1","female",17,0,0,10.5,"Southampton","Miss","1"
"1st","0","male",45,0,0,26.5499992,"Southampton","Major","1"
"2nd","0","male",42,1,0,27,"Southampton","Mr","0"
"2nd","1","female",24,2,1,27,"Southampton","Mrs","0"
"2nd","0","male",47,0,0,15,"Southampton","Mr","1"
"2nd","0","male",24,2,0,31.5,"Southampton","Mr","0"
"2nd","0","male",22,2,0,31.5,"Southampton","Mr","0"
"2nd","0","male",32,0,0,10.5,"Southampton","Mr","1"
"2nd","1","female",23,0,0,13.7917004,"Cherbourg","Mrs","1"
"2nd","0","male",34,1,0,26,"Southampton","Mr","0"
"2nd","1","female",24,1,0,26,"Southampton","Mrs","0"
"2nd","0","female",22,0,0,21,"Southampton","Mrs","1"
"1st","0","male",NA,0,0,31,"Southampton","Mr","1"
"2nd","1","female",NA,0,0,12.3500004,"Queenstown","Miss","1"
"2nd","0","male",35,0,0,12.3500004,"Queenstown","Mr","1"
"2nd","1","female",45,0,0,13.5,"Southampton","Mrs","1"
"2nd","0","male",57,0,0,12.3500004,"Queenstown","Rev","1"
"2nd","0","male",NA,0,0,0,"Southampton","Mr","1"
"2nd","0","male",31,0,0,10.5,"Southampton","Mr","1"
"2nd","0","female",26,1,1,26,"Southampton","Mrs","0"
"2nd","0","male",30,1,1,26,"Southampton","Rev","0"
"2nd","0","male",NA,0,0,10.7082996,"Queenstown","Mr","1"
"2nd","1","female",1,1,2,41.5792007,"Cherbourg","Miss","0"
"1st","1","male",42,0,0,26.2875004,"Southampton","Mr","1"
"2nd","1","female",3,1,2,41.5792007,"Cherbourg","Miss","0"
"2nd","0","male",25,1,2,41.5792007,"Cherbourg","Mr","0"
"2nd","1","female",22,1,2,41.5792007,"Cherbourg","Mrs","0"
"2nd","1","female",17,0,0,12,"Cherbourg","Miss","1"
"2nd","1","female",NA,0,0,33,"Southampton","Miss","1"
"2nd","1","female",34,0,0,10.5,"Southampton","Mrs","1"
"2nd","0","male",36,0,0,12.875,"Cherbourg","Mr","1"
"2nd","0","male",24,0,0,10.5,"Southampton","Mr","1"
"2nd","0","male",61,0,0,12.3500004,"Queenstown","Mr","1"
"2nd","0","male",50,1,0,26,"Southampton","Mr","0"
"1st","1","female",53,0,0,27.4458008,"Cherbourg","Mrs","1"
"2nd","1","female",42,1,0,26,"Southampton","Mrs","0"
"2nd","0","female",57,0,0,10.5,"Southampton","Mrs","1"
"2nd","0","male",NA,0,0,15.0458002,"Cherbourg","Mr","1"
"2nd","1","male",1,0,2,37.0042,"Cherbourg","Master","0"
"2nd","0","male",31,1,1,37.0042,"Cherbourg","Mr","0"
"2nd","1","female",24,1,1,37.0042,"Cherbourg","Mrs","0"
"2nd","0","male",NA,0,0,15.5791998,"Cherbourg","Mr","1"
"2nd","0","male",30,0,0,13,"Southampton","Mr","1"
"2nd","0","male",40,0,0,16,"Southampton","Mr","1"
"2nd","0","male",32,0,0,13.5,"Southampton","Mr","1"
"1st","0","female",25,1,2,151.550003,"Southampton","Mrs","0"
"1st","1","male",36,0,1,512.329224,"Cherbourg","Mr","0"
"2nd","0","male",30,0,0,13,"Southampton","Mr","1"
"2nd","0","male",46,0,0,26,"Southampton","Mr","1"
"2nd","1","female",13,0,1,19.5,"Southampton","Miss","0"
"2nd","1","female",41,0,1,19.5,"Southampton","Mrs","0"
"2nd","1","male",19,0,0,10.5,"Southampton","Mr","1"
"2nd","0","male",39,0,0,13,"Southampton","Mr","1"
"2nd","0","male",48,0,0,13,"Southampton","Mr","1"
"2nd","0","male",70,0,0,10.5,"Southampton","Mr","1"
"2nd","0","male",27,0,0,13,"Southampton","Rev","1"
"2nd","0","male",54,0,0,14,"Southampton","Dr","1"
"1st","1","female",58,0,1,512.329224,"Cherbourg","Mrs","0"
"2nd","0","male",39,0,0,26,"Southampton","Mr","1"
"2nd","0","male",16,0,0,10.5,"Southampton","Mr","1"
"2nd","0","male",62,0,0,9.6875,"Queenstown","Mr","1"
"2nd","0","male",32.5,1,0,30.0708008,"Cherbourg","Mr","0"
"2nd","1","female",14,1,0,30.0708008,"Cherbourg","Mrs","0"
"2nd","1","male",2,1,1,26,"Southampton","Master","0"
"2nd","1","male",3,1,1,26,"Southampton","Master","0"
"2nd","0","male",36.5,0,2,26,"Southampton","Mr","0"
"2nd","0","male",26,0,0,13,"Southampton","Mr","1"
"2nd","0","male",19,1,1,36.75,"Southampton","Mr","0"
"1st","0","male",33,0,0,5,"Southampton","Mr","1"
"2nd","0","male",28,0,0,13.5,"Southampton","Mr","1"
"2nd","1","male",20,0,0,13.8625002,"Cherbourg","Mr","1"
"2nd","1","female",29,0,0,10.5,"Southampton","Mrs","1"
"2nd","0","male",39,0,0,13,"Southampton","Mr","1"
"2nd","1","male",22,0,0,10.5,"Southampton","Mr","1"
"2nd","1","male",NA,0,0,13.8625002,"Cherbourg","Mr","1"
"2nd","0","male",23,0,0,10.5,"Southampton","Dr","1"
"2nd","1","male",29,0,0,13.8583002,"Cherbourg","Mr","1"
"2nd","0","male",28,0,0,10.5,"Southampton","Mr","1"
"2nd","0","male",NA,0,0,0,"Southampton","Mr","1"
"1st","0","male",28,0,0,47.0999985,"Southampton","Mr","1"
"2nd","1","female",50,0,1,26,"Southampton","Mrs","0"
"2nd","0","male",19,0,0,10.5,"Southampton","Mr","1"
"2nd","0","male",NA,0,0,15.0500002,"Cherbourg","Mr","1"
"2nd","0","male",41,0,0,13,"Southampton","Rev","1"
"2nd","1","female",21,0,1,21,"Southampton","Miss","0"
"2nd","1","female",19,0,0,26,"Southampton","Miss","1"
"2nd","0","male",43,0,1,21,"Southampton","Mr","0"
"2nd","1","female",32,0,0,13,"Southampton","Mrs","1"
"2nd","0","male",34,0,0,13,"Southampton","Mr","1"
"2nd","1","male",30,0,0,12.7375002,"Cherbourg","Mr","1"
"1st","0","male",17,0,0,47.0999985,"Southampton","Mr","1"
"2nd","0","male",27,0,0,15.0333004,"Cherbourg","Mr","1"
"2nd","1","female",2,1,1,26,"Southampton","Miss","0"
"2nd","1","female",8,1,1,26,"Southampton","Miss","0"
"2nd","1","female",33,0,2,26,"Southampton","Mrs","0"
"2nd","0","male",36,0,0,10.5,"Southampton","Mr","1"
"2nd","0","male",34,1,0,21,"Southampton","Mr","0"
"2nd","1","female",30,3,0,21,"Southampton","Mrs","0"
"2nd","1","female",28,0,0,13,"Southampton","Ms","1"
"2nd","0","male",23,0,0,15.0458002,"Cherbourg","Mr","1"
"2nd","1","male",0.833299994,1,1,18.75,"Southampton","Master","0"
"1st","1","male",11,1,2,120,"Southampton","Master","0"
"2nd","1","male",3,1,1,18.75,"Southampton","Master","0"
"2nd","1","female",24,2,3,18.75,"Southampton","Mrs","0"
"2nd","1","female",50,0,0,10.5,"Southampton","Miss","1"
"2nd","0","male",19,0,0,10.5,"Southampton","Mr","1"
"2nd","1","female",21,0,0,10.5,"Southampton","Miss","1"
"2nd","0","male",26,0,0,13,"Southampton","Mr","1"
"2nd","0","male",25,0,0,13,"Southampton","Mr","1"
"2nd","0","male",27,0,0,26,"Southampton","Mr","1"
"2nd","1","female",25,0,1,26,"Southampton","Mrs","0"
"2nd","1","female",18,0,2,13,"Southampton","Miss","0"
"1st","1","female",14,1,2,120,"Southampton","Miss","0"
"2nd","1","female",20,0,0,36.75,"Southampton","Miss","1"
"2nd","1","female",30,0,0,13,"Southampton","Miss","1"
"2nd","0","male",59,0,0,13.5,"Southampton","Mr","1"
"2nd","1","female",30,0,0,12.3500004,"Queenstown","Miss","1"
"2nd","0","male",35,0,0,10.5,"Southampton","Mr","1"
"2nd","1","female",40,0,0,13,"Southampton","Miss","1"
"2nd","0","male",25,0,0,13,"Southampton","Mr","1"
"2nd","0","male",41,0,0,15.0458002,"Cherbourg","Mr","1"
"2nd","0","male",25,0,0,10.5,"Southampton","Mr","1"
"2nd","0","male",18.5,0,0,13,"Southampton","Mr","1"
"1st","1","male",36,1,2,120,"Southampton","Mr","0"
"2nd","0","male",14,0,0,65,"Southampton","Mr","1"
"2nd","1","female",50,0,0,10.5,"Southampton","Miss","1"
"2nd","0","male",23,0,0,13,"Southampton","Mr","1"
"2nd","1","female",28,0,0,12.6499996,"Southampton","Mrs","1"
"2nd","1","female",27,0,0,10.5,"Southampton","Miss","1"
"2nd","0","male",29,1,0,21,"Southampton","Mr","0"
"2nd","0","female",27,1,0,21,"Southampton","Mrs","0"
"2nd","0","male",40,0,0,13,"Southampton","Mr","1"
"2nd","1","female",31,0,0,21,"Southampton","Miss","1"
"2nd","0","male",30,1,0,21,"Southampton","Mr","0"
"1st","1","female",36,1,2,120,"Southampton","Mrs","0"
"2nd","0","male",23,1,0,10.5,"Southampton","Mr","0"
"2nd","1","female",31,0,0,21,"Southampton","Mrs","1"
"2nd","0","male",NA,0,0,0,"Southampton","Mr","1"
"2nd","1","female",12,0,0,15.75,"Southampton","Miss","1"
"2nd","1","female",40,0,0,15.75,"Southampton","Mrs","1"
"2nd","1","female",32.5,0,0,13,"Southampton","Miss","1"
"2nd","0","male",27,1,0,26,"Southampton","Mr","0"
"2nd","1","female",29,1,0,26,"Southampton","Mrs","0"
"2nd","1","male",2,1,1,23,"Southampton","Master","0"
"2nd","1","female",4,1,1,23,"Southampton","Miss","0"
"1st","0","male",49,0,0,26,"Southampton","Mr","1"
"2nd","1","female",29,0,2,23,"Southampton","Mrs","0"
"2nd","1","female",0.916700006,1,2,27.75,"Southampton","Miss","0"
"2nd","1","female",5,1,2,27.75,"Southampton","Miss","0"
"2nd","0","male",36,1,2,27.75,"Southampton","Mr","0"
"2nd","1","female",33,1,2,27.75,"Southampton","Mrs","0"
"2nd","0","male",66,0,0,10.5,"Southampton","Mr","1"
"2nd","0","male",NA,0,0,12.875,"Southampton","Mr","1"
"2nd","1","male",31,0,0,13,"Southampton","Mr","1"
"2nd","1","male",NA,0,0,13,"Southampton","Mr","1"
"2nd","1","female",26,0,0,13.5,"Southampton","Miss","1"
"1st","1","male",48,0,0,26.5499992,"Southampton","Mr","1"
"1st","1","female",NA,0,0,27.7208004,"Cherbourg","Mrs","1"
"2nd","0","female",24,0,0,13,"Southampton","Miss","1"
"3rd","0","male",42,0,0,7.55000019,"Southampton","Mr","1"
"3rd","0","male",13,0,2,20.25,"Southampton","Master","0"
"3rd","0","male",16,1,1,20.25,"Southampton","Mr","0"
"3rd","1","female",35,1,1,20.25,"Southampton","Mrs","0"
"3rd","1","female",16,0,0,7.6500001,"Southampton","Miss","1"
"3rd","1","male",25,0,0,7.6500001,"Southampton","Mr","1"
"3rd","1","male",20,0,0,7.92500019,"Southampton","Mr","1"
"3rd","1","female",18,0,0,7.22919989,"Cherbourg","Mrs","1"
"3rd","0","male",30,0,0,7.25,"Southampton","Mr","1"
"1st","0","male",36,1,0,78.8499985,"Southampton","Mr","0"
"3rd","0","male",26,0,0,8.05000019,"Southampton","Mr","1"
"3rd","0","female",40,1,0,9.47500038,"Southampton","Mrs","0"
"3rd","1","male",0.833299994,0,1,9.35000038,"Southampton","Master","0"
"3rd","1","female",18,0,1,9.35000038,"Southampton","Mrs","0"
"3rd","1","male",26,0,0,18.7875004,"Cherbourg","Mr","1"
"3rd","0","male",26,0,0,7.88749981,"Southampton","Mr","1"
"3rd","0","male",20,0,0,7.92500019,"Southampton","Mr","1"
"3rd","0","male",24,0,0,7.05000019,"Southampton","Mr","1"
"3rd","0","male",25,0,0,7.05000019,"Southampton","Mr","1"
"3rd","0","male",35,0,0,8.05000019,"Southampton","Mr","1"
"1st","1","female",76,1,0,78.8499985,"Southampton","Mrs","0"
"3rd","0","male",18,0,0,8.30000019,"Southampton","Mr","1"
"3rd","0","male",32,0,0,22.5249996,"Southampton","Mr","1"
"3rd","1","female",19,1,0,7.85419989,"Southampton","Miss","0"
"3rd","0","male",4,4,2,31.2749996,"Southampton","Master","0"
"3rd","0","female",6,4,2,31.2749996,"Southampton","Miss","0"
"3rd","0","female",2,4,2,31.2749996,"Southampton","Miss","0"
"3rd","1","female",17,4,2,7.92500019,"Southampton","Miss","0"
"3rd","0","female",38,4,2,7.7750001,"Southampton","Miss","0"
"3rd","0","female",9,4,2,31.2749996,"Southampton","Miss","0"
"3rd","0","female",11,4,2,31.2749996,"Southampton","Miss","0"
"1st","0","male",46,1,0,61.1749992,"Southampton","Mr","0"
"3rd","0","male",39,1,5,31.2749996,"Southampton","Mr","0"
"3rd","1","male",27,0,0,7.79580021,"Southampton","Mr","1"
"3rd","0","male",26,0,0,7.7750001,"Southampton","Mr","1"
"3rd","0","female",39,1,5,31.2749996,"Southampton","Mrs","0"
"3rd","0","male",20,0,0,7.85419989,"Southampton","Mr","1"
"3rd","0","male",26,0,0,7.89580011,"Southampton","Mr","1"
"3rd","0","male",25,1,0,17.7999992,"Southampton","Mr","0"
"3rd","0","female",18,1,0,17.7999992,"Southampton","Mrs","0"
"3rd","0","male",24,0,0,7.7750001,"Southampton","Mr","1"
"3rd","0","male",35,0,0,7.05000019,"Southampton","Mr","1"
"1st","1","female",47,1,0,61.1749992,"Southampton","Mrs","0"
"3rd","0","male",5,4,2,31.3875008,"Southampton","Master","0"
"3rd","0","male",9,4,2,31.3875008,"Southampton","Master","0"
"3rd","1","male",3,4,2,31.3875008,"Southampton","Master","0"
"3rd","0","male",13,4,2,31.3875008,"Southampton","Master","0"
"3rd","1","female",5,4,2,31.3875008,"Southampton","Miss","0"
"3rd","0","male",40,1,5,31.3875008,"Southampton","Mr","0"
"3rd","1","male",23,0,0,7.79580021,"Southampton","Mr","1"
"3rd","1","female",38,1,5,31.3875008,"Southampton","Mrs","0"
"3rd","1","female",45,0,0,7.2249999,"Cherbourg","Mrs","1"
"3rd","0","male",21,0,0,7.2249999,"Cherbourg","Mr","1"
"1st","1","male",27,1,0,53.0999985,"Southampton","Mr","0"
"3rd","0","male",23,0,0,7.05000019,"Southampton","Mr","1"
"3rd","0","female",17,0,0,14.4582996,"Cherbourg","Miss","1"
"3rd","0","male",30,0,0,7.2249999,"Cherbourg","Mr","1"
"3rd","0","male",23,0,0,7.85419989,"Southampton","Mr","1"
"3rd","1","female",13,0,0,7.22919989,"Cherbourg","Miss","1"
"3rd","0","male",20,0,0,7.2249999,"Cherbourg","Mr","1"
"3rd","0","male",32,1,0,15.8500004,"Southampton","Mr","0"
"3rd","1","female",33,3,0,15.8500004,"Southampton","Mrs","0"
"3rd","1","female",0.75,2,1,19.2583008,"Cherbourg","Miss","0"
"3rd","1","female",0.75,2,1,19.2583008,"Cherbourg","Miss","0"
"1st","1","female",33,1,0,53.0999985,"Southampton","Mrs","0"
"3rd","1","female",5,2,1,19.2583008,"Cherbourg","Miss","0"
"3rd","1","female",24,0,3,19.2583008,"Cherbourg","Mrs","0"
"3rd","1","female",18,0,0,8.05000019,"Southampton","Miss","1"
"3rd","0","male",40,0,0,7.2249999,"Cherbourg","Mr","1"
"3rd","0","male",26,0,0,7.89580011,"Southampton","Mr","1"
"3rd","1","male",20,0,0,7.22919989,"Cherbourg","Mr","1"
"3rd","0","female",18,0,1,14.4541998,"Cherbourg","Miss","0"
"3rd","0","female",45,0,1,14.4541998,"Cherbourg","Mrs","0"
"3rd","0","female",27,0,0,7.87919998,"Queenstown","Miss","1"
"3rd","0","male",22,0,0,8.05000019,"Southampton","Mr","1"
"1st","1","female",36,0,0,262.375,"Cherbourg","Miss","1"
"3rd","0","male",19,0,0,8.05000019,"Southampton","Mr","1"
"3rd","0","male",26,0,0,7.7750001,"Southampton","Mr","1"
"3rd","0","male",22,0,0,9.35000038,"Southampton","Mr","1"
"3rd","0","male",NA,0,0,7.22919989,"Cherbourg","Master","1"
"3rd","0","male",20,0,0,4.01249981,"Cherbourg","Mr","1"
"3rd","1","male",32,0,0,56.4958,"Southampton","Mr","1"
"3rd","0","male",21,0,0,7.7750001,"Southampton","Mr","1"
"3rd","0","male",18,0,0,7.75,"Southampton","Mr","1"
"3rd","0","male",26,0,0,7.89580011,"Southampton","Mr","1"
"3rd","0","male",6,1,1,15.2458,"Cherbourg","Master","0"
"1st","1","female",30,0,0,86.5,"Southampton","Miss","1"
"3rd","0","female",9,1,1,15.2458,"Cherbourg","Miss","0"
"3rd","0","male",NA,0,0,7.2249999,"Cherbourg","Mr","1"
"3rd","0","female",NA,0,2,15.2458,"Cherbourg","Mrs","0"
"3rd","0","female",NA,0,2,7.75,"Queenstown","Miss","0"
"3rd","0","male",40,1,1,15.5,"Queenstown","Mr","0"
"3rd","0","female",32,1,1,15.5,"Queenstown","Mrs","0"
"3rd","0","male",21,0,0,16.1000004,"Southampton","Mr","1"
"3rd","1","female",22,0,0,7.7249999,"Queenstown","Miss","1"
"3rd","0","female",20,0,0,7.85419989,"Southampton","Miss","1"
"3rd","0","male",29,1,0,7.04580021,"Southampton","Mr","0"
"1st","1","male",45,0,0,29.7000008,"Cherbourg","Mr","1"
"3rd","0","male",22,1,0,7.25,"Southampton","Mr","0"
"3rd","0","male",22,0,0,7.79580021,"Southampton","Mr","1"
"3rd","0","male",35,0,0,8.05000019,"Southampton","Mr","1"
"3rd","0","female",18.5,0,0,7.28329992,"Queenstown","Miss","1"
"3rd","1","male",21,0,0,7.82079983,"Queenstown","Mr","1"
"3rd","0","male",19,0,0,6.75,"Queenstown","Mr","1"
"3rd","0","female",18,0,0,7.87919998,"Queenstown","Miss","1"
"3rd","0","female",21,0,0,8.66250038,"Southampton","Miss","1"
"3rd","0","female",30,0,0,8.66250038,"Southampton","Miss","1"
"3rd","0","male",18,0,0,8.66250038,"Southampton","Mr","1"
"1st","1","female",63,1,0,77.9582977,"Southampton","Miss","0"
"1st","1","female",NA,0,1,55,"Southampton","Mrs","0"
"3rd","0","male",38,0,0,8.66250038,"Southampton","Mr","1"
"3rd","0","male",17,0,0,8.66250038,"Southampton","Mr","1"
"3rd","0","male",17,0,0,8.66250038,"Southampton","Mr","1"
"3rd","0","female",21,0,0,7.75,"Queenstown","Miss","1"
"3rd","0","male",21,0,0,7.75,"Queenstown","Mr","1"
"3rd","0","male",21,0,0,8.05000019,"Southampton","Mr","1"
"3rd","0","male",NA,1,0,14.4582996,"Cherbourg","Mr","0"
"3rd","0","female",NA,1,0,14.4582996,"Cherbourg","Mrs","0"
"3rd","0","male",28,0,0,7.79580021,"Southampton","Mr","1"
"3rd","0","male",24,0,0,7.85419989,"Southampton","Mr","1"
"1st","0","male",NA,0,0,0,"Southampton","Mr","1"
"3rd","1","female",16,0,0,7.75,"Queenstown","Miss","1"
"3rd","0","female",37,0,0,7.75,"Queenstown","Miss","1"
"3rd","0","male",28,0,0,7.25,"Southampton","Mr","1"
"3rd","0","male",24,0,0,8.05000019,"Southampton","Mr","1"
"3rd","0","male",21,0,0,7.73330021,"Queenstown","Mr","1"
"3rd","1","male",32,0,0,56.4958,"Southampton","Mr","1"
"3rd","0","male",29,0,0,8.05000019,"Southampton","Mr","1"
"3rd","0","male",26,1,0,14.4541998,"Cherbourg","Mr","0"
"3rd","0","male",18,1,0,14.4541998,"Cherbourg","Mr","0"
"3rd","0","male",20,0,0,7.05000019,"Southampton","Mr","1"
"1st","0","male",27,1,0,136.779205,"Cherbourg","Mr","0"
"3rd","1","male",18,0,0,8.05000019,"Southampton","Mr","1"
"3rd","0","male",24,0,0,7.25,"Queenstown","Mr","1"
"3rd","0","male",36,0,0,7.49580002,"Southampton","Mr","1"
"3rd","0","male",24,0,0,7.49580002,"Southampton","Mr","1"
"3rd","0","male",31,0,0,7.73330021,"Queenstown","Mr","1"
"3rd","0","male",31,0,0,7.75,"Queenstown","Mr","1"
"3rd","1","female",22,0,0,7.75,"Queenstown","Miss","1"
"3rd","0","female",30,0,0,7.62919998,"Queenstown","Miss","1"
"3rd","0","male",70.5,0,0,7.75,"Queenstown","Mr","1"
"3rd","0","male",43,0,0,8.05000019,"Southampton","Mr","1"
"1st","1","female",26,1,0,136.779205,"Cherbourg","Mrs","0"
"3rd","0","male",35,0,0,7.89580011,"Southampton","Mr","1"
"3rd","0","male",27,0,0,7.89580011,"Southampton","Mr","1"
"3rd","0","male",19,0,0,7.89580011,"Southampton","Mr","1"
"3rd","0","male",30,0,0,8.05000019,"Southampton","Mr","1"
"3rd","1","male",9,1,1,15.8999996,"Southampton","Master","0"
"3rd","1","male",3,1,1,15.8999996,"Southampton","Master","0"
"3rd","1","female",36,0,2,15.8999996,"Southampton","Mrs","0"
"3rd","0","male",59,0,0,7.25,"Southampton","Mr","1"
"3rd","0","male",19,0,0,8.1583004,"Southampton","Mr","1"
"3rd","1","female",17,0,1,16.1000004,"Southampton","Miss","0"
"1st","1","female",22,0,0,151.550003,"Southampton","Miss","1"
"3rd","0","male",44,0,1,16.1000004,"Southampton","Mr","0"
"3rd","0","male",17,0,0,8.66250038,"Southampton","Mr","1"
"3rd","0","male",22.5,0,0,7.2249999,"Cherbourg","Mr","1"
"3rd","1","male",45,0,0,8.05000019,"Southampton","Mr","1"
"3rd","0","female",22,0,0,10.5166998,"Southampton","Miss","1"
"3rd","0","male",19,0,0,10.1708002,"Southampton","Mr","1"
"3rd","1","female",30,0,0,6.94999981,"Queenstown","Miss","1"
"3rd","1","male",29,0,0,7.75,"Queenstown","Mr","1"
"3rd","0","male",0.333299994,0,2,14.3999996,"Southampton","Master","0"
"3rd","0","male",34,1,1,14.3999996,"Southampton","Mr","0"
"1st","0","male",NA,0,0,52,"Southampton","Mr","1"
"3rd","0","female",28,1,1,14.3999996,"Southampton","Mrs","0"
"3rd","0","male",27,0,0,7.89580011,"Southampton","Mr","1"
"3rd","0","male",25,0,0,7.89580011,"Southampton","Mr","1"
"3rd","0","male",24,2,0,24.1499996,"Southampton","Mr","0"
"3rd","0","male",22,0,0,8.05000019,"Southampton","Mr","1"
"3rd","0","male",21,2,0,24.1499996,"Southampton","Mr","0"
"3rd","0","male",17,2,0,8.05000019,"Southampton","Mr","0"
"3rd","0","male",NA,1,0,16.1000004,"Southampton","Mr","0"
"3rd","1","female",NA,1,0,16.1000004,"Southampton","Mrs","0"
"3rd","1","male",36.5,1,0,17.3999996,"Southampton","Mr","0"
"1st","0","male",47,0,0,25.5874996,"Southampton","Mr","1"
"3rd","1","female",36,1,0,17.3999996,"Southampton","Mrs","0"
"3rd","1","male",30,0,0,9.5,"Southampton","Mr","1"
"3rd","0","male",16,0,0,9.5,"Southampton","Mr","1"
"3rd","1","male",1,1,2,20.5750008,"Southampton","Master","0"
"3rd","1","female",0.166700006,1,2,20.5750008,"Southampton","Miss","0"
"3rd","0","male",26,1,2,20.5750008,"Southampton","Mr","0"
"3rd","1","female",33,1,2,20.5750008,"Southampton","Mrs","0"
"3rd","0","male",25,0,0,7.89580011,"Southampton","Mr","1"
"3rd","0","male",NA,0,0,7.89580011,"Southampton","Mr","1"
"3rd","0","male",NA,0,0,7.89580011,"Southampton","Mr","1"
"1st","1","female",39,1,1,83.1583023,"Cherbourg","Miss","0"
"3rd","0","male",22,0,0,7.25,"Southampton","Mr","1"
"3rd","0","male",36,0,0,7.25,"Southampton","Mr","1"
"3rd","1","female",19,0,0,7.87919998,"Queenstown","Miss","1"
"3rd","0","male",17,0,0,7.89580011,"Southampton","Mr","1"
"3rd","0","male",42,0,0,8.66250038,"Southampton","Mr","1"
"3rd","0","male",43,0,0,7.89580011,"Southampton","Mr","1"
"3rd","0","male",NA,0,0,7.22919989,"Cherbourg","Mr","1"
"3rd","0","male",32,0,0,7.75,"Queenstown","Mr","1"
"3rd","1","male",19,0,0,8.05000019,"Southampton","Mr","1"
"3rd","1","female",30,0,0,12.4750004,"Southampton","Miss","1"
"1st","0","male",37,1,1,83.1583023,"Cherbourg","Mr","0"
"3rd","0","female",24,0,0,7.75,"Queenstown","Miss","1"
"3rd","1","female",23,0,0,8.05000019,"Southampton","Miss","1"
"3rd","0","male",33,0,0,7.89580011,"Cherbourg","Mr","1"
"3rd","0","male",65,0,0,7.75,"Queenstown","Mr","1"
"3rd","1","male",24,0,0,7.55000019,"Southampton","Mr","1"
"3rd","0","male",23,1,0,13.8999996,"Southampton","Mr","0"
"3rd","1","female",22,1,0,13.8999996,"Southampton","Mrs","0"
"3rd","0","male",18,0,0,7.7750001,"Southampton","Mr","1"
"3rd","0","male",16,0,0,7.7750001,"Southampton","Mr","1"
"3rd","0","male",45,0,0,6.9749999,"Southampton","Mr","1"
"1st","1","female",64,0,2,83.1583023,"Cherbourg","Mrs","0"
"3rd","0","male",NA,0,0,7.2249999,"Cherbourg","Mr","1"
"3rd","0","male",39,0,2,7.22919989,"Cherbourg","Mr","0"
"3rd","0","male",17,1,1,7.22919989,"Cherbourg","Mr","0"
"3rd","0","male",15,1,1,7.22919989,"Cherbourg","Mr","0"
"3rd","0","male",47,0,0,7.25,"Southampton","Mr","1"
"3rd","1","female",5,0,0,12.4750004,"Southampton","Miss","1"
"3rd","0","male",NA,0,0,7.2249999,"Cherbourg","Mr","1"
"3rd","0","male",40.5,0,0,15.1000004,"Southampton","Mr","1"
"3rd","0","male",40.5,0,0,7.75,"Queenstown","Mr","1"
"3rd","1","male",NA,0,0,7.05000019,"Southampton","Mr","1"
"1st","0","male",39,0,0,0,"Southampton","Mr","1"
"1st","1","female",55,2,0,25.7000008,"Southampton","Mrs","0"
"3rd","0","male",18,0,0,7.79580021,"Southampton","Mr","1"
"3rd","0","female",NA,0,0,7.75,"Queenstown","Miss","1"
"3rd","0","male",NA,0,0,7.75,"Queenstown","Mr","1"
"3rd","0","male",NA,0,0,6.94999981,"Queenstown","Mr","1"
"3rd","0","male",26,0,0,7.87919998,"Queenstown","Mr","1"
"3rd","0","male",NA,0,0,7.75,"Queenstown","Mr","1"
"3rd","1","male",NA,0,0,56.4958,"Southampton","Mr","1"
"3rd","0","female",21,2,2,34.375,"Southampton","Miss","0"
"3rd","0","female",9,2,2,34.375,"Southampton","Miss","0"
"3rd","0","male",NA,0,0,8.05000019,"Southampton","Mr","1"
"1st","0","male",NA,0,0,26.5499992,"Southampton","Mr","1"
"3rd","0","male",18,2,2,34.375,"Southampton","Mr","0"
"3rd","0","male",16,1,3,34.375,"Southampton","Mr","0"
"3rd","0","female",48,1,3,34.375,"Southampton","Mrs","0"
"3rd","0","male",NA,0,0,7.75,"Queenstown","Mr","1"
"3rd","0","male",NA,0,0,7.25,"Southampton","Mr","1"
"3rd","0","male",25,0,0,7.74170017,"Queenstown","Mr","1"
"3rd","0","male",NA,0,0,14.5,"Southampton","Mr","1"
"3rd","0","male",NA,0,0,7.89580011,"Cherbourg","Mr","1"
"3rd","0","male",22,0,0,8.05000019,"Southampton","Mr","1"
"3rd","1","female",16,0,0,7.73330021,"Queenstown","Miss","1"
"1st","0","male",70,1,1,71,"Southampton","Capt","0"
"3rd","1","female",NA,0,0,7.75,"Queenstown","Miss","1"
"3rd","1","male",9,0,2,20.5249996,"Southampton","Master","0"
"3rd","0","male",33,1,1,20.5249996,"Southampton","Mr","0"
"3rd","0","male",41,0,0,7.8499999,"Southampton","Mr","1"
"3rd","1","female",31,1,1,20.5249996,"Southampton","Mrs","0"
"3rd","0","male",38,0,0,7.05000019,"Southampton","Mr","1"
"3rd","0","male",9,5,2,46.9000015,"Southampton","Master","0"
"3rd","0","male",1,5,2,46.9000015,"Southampton","Master","0"
"3rd","0","male",11,5,2,46.9000015,"Southampton","Master","0"
"3rd","0","female",10,5,2,46.9000015,"Southampton","Miss","0"
"1st","1","female",36,0,2,71,"Southampton","Miss","0"
"3rd","0","female",16,5,2,46.9000015,"Southampton","Miss","0"
"3rd","0","male",14,5,2,46.9000015,"Southampton","Mr","0"
"3rd","0","male",40,1,6,46.9000015,"Southampton","Mr","0"
"3rd","0","female",43,1,6,46.9000015,"Southampton","Mrs","0"
"3rd","0","male",51,0,0,8.05000019,"Southampton","Mr","1"
"3rd","0","male",32,0,0,8.36250019,"Southampton","Mr","1"
"3rd","0","male",NA,0,0,8.05000019,"Southampton","Mr","1"
"3rd","0","male",20,0,0,9.8458004,"Southampton","Mr","1"
"3rd","0","male",37,2,0,7.92500019,"Southampton","Mr","0"
"3rd","0","male",28,2,0,7.92500019,"Southampton","Mr","0"
"1st","1","female",64,1,1,26.5499992,"Southampton","Mrs","0"
"3rd","0","male",19,0,0,7.7750001,"Southampton","Mr","1"
"3rd","0","female",24,0,0,8.85000038,"Southampton","Miss","1"
"3rd","0","female",17,0,0,7.73330021,"Queenstown","Miss","1"
"3rd","0","male",NA,1,0,19.9666996,"Southampton","Mr","0"
"3rd","0","male",NA,1,0,19.9666996,"Southampton","Mr","0"
"3rd","0","male",28,1,0,15.8500004,"Southampton","Mr","0"
"3rd","1","female",24,1,0,15.8500004,"Southampton","Mrs","0"
"3rd","0","male",20,0,0,9.5,"Southampton","Mr","1"
"3rd","0","male",23.5,0,0,7.22919989,"Cherbourg","Mr","1"
"3rd","0","male",41,2,0,14.1083002,"Southampton","Mr","0"
"1st","0","male",39,1,0,71.2833023,"Cherbourg","Mr","0"
"3rd","0","male",26,1,0,7.85419989,"Southampton","Mr","0"
"3rd","0","male",21,0,0,7.85419989,"Southampton","Mr","1"
"3rd","1","female",45,1,0,14.1083002,"Southampton","Mrs","0"
"3rd","0","female",NA,0,0,7.55000019,"Southampton","Miss","1"
"3rd","0","male",25,0,0,7.25,"Southampton","Mr","1"
"3rd","0","male",NA,0,0,6.85830021,"Queenstown","Mr","1"
"3rd","0","male",11,0,0,18.7875004,"Cherbourg","Mr","1"
"3rd","1","female",NA,0,0,7.75,"Queenstown","Miss","1"
"3rd","1","male",27,0,0,6.9749999,"Southampton","Mr","1"
"3rd","1","male",NA,0,0,56.4958,"Southampton","Mr","1"
"1st","1","female",38,1,0,71.2833023,"Cherbourg","Mrs","0"
"3rd","0","female",18,0,0,6.75,"Queenstown","Miss","1"
"3rd","1","female",26,0,0,7.92500019,"Southampton","Miss","1"
"3rd","0","female",23,0,0,7.92500019,"Southampton","Miss","1"
"3rd","1","female",22,0,0,8.96249962,"Southampton","Miss","1"
"3rd","0","male",28,0,0,7.89580011,"Southampton","Mr","1"
"3rd","0","female",28,0,0,7.7750001,"Southampton","Miss","1"
"3rd","0","female",NA,0,0,7.75,"Queenstown","Miss","1"
"3rd","1","female",2,0,1,12.2875004,"Southampton","Miss","0"
"3rd","1","female",22,1,1,12.2875004,"Southampton","Mrs","0"
"3rd","0","male",43,0,0,6.44999981,"Southampton","Mr","1"
"1st","1","male",51,0,0,26.5499992,"Southampton","Mr","1"
"3rd","0","male",28,0,0,22.5249996,"Southampton","Mr","1"
"3rd","1","female",27,0,0,7.92500019,"Southampton","Miss","1"
"3rd","0","male",NA,0,0,7.75,"Queenstown","Mr","1"
"3rd","1","female",NA,0,0,8.05000019,"Southampton","Miss","1"
"3rd","0","male",42,0,0,7.6500001,"Southampton","Mr","1"
"3rd","1","male",NA,0,0,7.88749981,"Southampton","Mr","1"
"3rd","0","male",30,0,0,7.22919989,"Cherbourg","Mr","1"
"3rd","0","male",NA,0,0,7.89580011,"Southampton","Mr","1"
"3rd","0","female",27,1,0,7.92500019,"Southampton","Miss","0"
"3rd","0","female",25,1,0,7.92500019,"Southampton","Miss","0"
"1st","1","male",27,0,0,30.5,"Southampton","Mr","1"
"3rd","0","male",NA,0,0,7.89580011,"Southampton","Mr","1"
"3rd","1","male",29,0,0,7.89580011,"Cherbourg","Mr","1"
"3rd","1","male",21,0,0,7.79580021,"Southampton","Mr","1"
"3rd","0","male",NA,0,0,7.05000019,"Southampton","Mr","1"
"3rd","0","male",20,0,0,7.85419989,"Southampton","Mr","1"
"3rd","0","male",48,0,0,7.85419989,"Southampton","Mr","1"
"3rd","0","male",17,1,0,7.05420017,"Southampton","Mr","0"
"3rd","1","female",NA,0,0,7.75,"Queenstown","Miss","1"
"3rd","1","male",NA,0,0,8.11250019,"Southampton","Mr","1"
"3rd","0","male",34,0,0,6.49580002,"Southampton","Mr","1"
"1st","1","female",33,0,0,151.550003,"Southampton","Miss","1"
"3rd","1","male",26,0,0,7.7750001,"Southampton","Mr","1"
"3rd","0","male",22,0,0,7.79580021,"Southampton","Mr","1"
"3rd","0","male",33,0,0,8.6541996,"Southampton","Mr","1"
"3rd","0","male",31,0,0,7.7750001,"Southampton","Mr","1"
"3rd","0","male",29,0,0,7.85419989,"Southampton","Mr","1"
"3rd","1","male",4,1,1,11.1332998,"Southampton","Master","0"
"3rd","1","female",1,1,1,11.1332998,"Southampton","Miss","0"
"3rd","0","male",49,0,0,0,"Southampton","Mr","1"
"3rd","0","male",33,0,0,7.7750001,"Southampton","Mr","1"
"3rd","0","male",19,0,0,0,"Southampton","Mr","1"
"1st","1","female",53,2,0,51.4791985,"Southampton","Mrs","0"
"1st","0","male",31,1,0,52,"Southampton","Mr","0"
"3rd","1","female",27,0,2,11.1332998,"Southampton","Mrs","0"
"3rd","0","male",NA,1,2,23.4500008,"Southampton","Master","0"
"3rd","0","female",NA,1,2,23.4500008,"Southampton","Miss","0"
"3rd","0","male",NA,1,2,23.4500008,"Southampton","Mr","0"
"3rd","0","female",NA,1,2,23.4500008,"Southampton","Mrs","0"
"3rd","0","male",23,0,0,7.89580011,"Southampton","Mr","1"
"3rd","1","male",32,0,0,7.85419989,"Southampton","Mr","1"
"3rd","0","male",27,0,0,7.85419989,"Southampton","Mr","1"
"3rd","0","female",20,1,0,9.82499981,"Southampton","Miss","0"
"3rd","0","female",21,1,0,9.82499981,"Southampton","Miss","0"
"1st","1","female",27,1,2,52,"Southampton","Mrs","0"
"3rd","1","male",32,0,0,7.92500019,"Southampton","Mr","1"
"3rd","0","male",17,0,0,7.125,"Southampton","Mr","1"
"3rd","0","male",21,0,0,8.43330002,"Southampton","Mr","1"
"3rd","0","male",30,0,0,7.89580011,"Southampton","Mr","1"
"3rd","1","male",21,0,0,7.79580021,"Southampton","Mr","1"
"3rd","0","male",33,0,0,7.85419989,"Southampton","Mr","1"
"3rd","0","male",22,0,0,7.52080011,"Southampton","Mr","1"
"3rd","1","female",4,0,1,13.4167004,"Cherbourg","Miss","0"
"3rd","1","male",39,0,1,13.4167004,"Cherbourg","Mr","0"
"3rd","0","male",NA,0,0,7.22919989,"Cherbourg","Mr","1"
"1st","1","male",31,1,0,57,"Southampton","Mr","0"
"3rd","0","male",18.5,0,0,7.22919989,"Cherbourg","Mr","1"
"3rd","0","male",NA,0,0,7.75,"Queenstown","Mr","1"
"3rd","0","male",NA,0,0,7.25,"Southampton","Mr","1"
"3rd","1","female",NA,0,0,7.75,"Queenstown","Miss","1"
"3rd","1","female",NA,0,0,7.75,"Queenstown","Miss","1"
"3rd","0","male",34.5,0,0,7.82919979,"Queenstown","Mr","1"
"3rd","0","male",44,0,0,8.05000019,"Southampton","Mr","1"
"3rd","1","male",NA,0,0,7.75,"Queenstown","Mr","1"
"3rd","0","male",NA,1,0,14.4541998,"Cherbourg","Mr","0"
"3rd","0","female",NA,1,0,14.4541998,"Cherbourg","Mrs","0"
"1st","1","female",17,1,0,57,"Southampton","Mrs","0"
"3rd","0","male",NA,1,0,7.75,"Queenstown","Mr","0"
"3rd","0","male",NA,1,0,7.75,"Queenstown","Mr","0"
"3rd","0","male",NA,0,0,7.73750019,"Queenstown","Mr","1"
"3rd","0","female",22,2,0,8.66250038,"Southampton","Miss","0"
"3rd","0","male",26,2,0,8.66250038,"Southampton","Mr","0"
"3rd","1","female",4,0,2,22.0249996,"Southampton","Miss","0"
"3rd","1","male",29,3,1,22.0249996,"Southampton","Mr","0"
"3rd","1","female",26,1,1,22.0249996,"Southampton","Mrs","0"
"3rd","0","female",1,1,1,12.1833,"Southampton","Miss","0"
"3rd","0","male",18,1,1,7.85419989,"Southampton","Mr","0"
"1st","1","male",53,1,1,81.8582993,"Southampton","Dr","0"
"3rd","0","female",36,0,2,12.1833,"Southampton","Mrs","0"
"3rd","0","male",NA,0,0,7.89580011,"Cherbourg","Mr","1"
"3rd","1","male",25,0,0,7.22919989,"Cherbourg","Mr","1"
"3rd","0","male",NA,0,0,7.2249999,"Cherbourg","Mr","1"
"3rd","0","female",37,0,0,9.58749962,"Southampton","Miss","1"
"3rd","0","male",NA,0,0,7.89580011,"Southampton","Mr","1"
"3rd","1","male",NA,0,0,56.4958,"Southampton","Mr","1"
"3rd","0","male",NA,0,0,56.4958,"Southampton","Mr","1"
"3rd","1","female",22,0,0,7.25,"Southampton","Miss","1"
"3rd","0","male",NA,0,0,7.75,"Queenstown","Mr","1"
"1st","1","male",4,0,2,81.8582993,"Southampton","Master","0"
"3rd","1","male",26,0,0,56.4958,"Southampton","Mr","1"
"3rd","0","male",29,0,0,9.48330021,"Southampton","Mr","1"
"3rd","0","male",29,0,0,7.7750001,"Southampton","Mr","1"
"3rd","0","male",22,0,0,7.7750001,"Southampton","Mr","1"
"3rd","1","male",22,0,0,7.2249999,"Cherbourg","Mr","1"
"3rd","0","male",NA,3,1,25.4666996,"Southampton","Master","0"
"3rd","0","female",NA,3,1,25.4666996,"Southampton","Miss","0"
"3rd","0","female",NA,3,1,25.4666996,"Southampton","Miss","0"
"3rd","0","female",NA,3,1,25.4666996,"Southampton","Miss","0"
"3rd","0","female",NA,0,4,25.4666996,"Southampton","Mrs","0"
"1st","1","female",54,1,1,81.8582993,"Southampton","Mrs","0"
"3rd","0","male",32,0,0,7.92500019,"Southampton","Mr","1"
"3rd","0","male",34.5,0,0,6.4375,"Cherbourg","Mr","1"
"3rd","0","female",NA,1,0,15.5,"Queenstown","Miss","0"
"3rd","0","male",NA,1,0,15.5,"Queenstown","Mr","0"
"3rd","0","male",36,0,0,0,"Southampton","Mr","1"
"3rd","0","male",39,0,0,24.1499996,"Southampton","Mr","1"
"3rd","0","male",24,0,0,9.5,"Southampton","Mr","1"
"3rd","0","female",25,0,0,7.7750001,"Southampton","Miss","1"
"3rd","0","female",45,0,0,7.75,"Southampton","Miss","1"
"3rd","0","male",36,1,0,15.5500002,"Southampton","Mr","0"
"1st","0","male",50,1,0,106.425003,"Cherbourg","Mr","0"
"3rd","0","female",30,1,0,15.5500002,"Southampton","Mrs","0"
"3rd","1","male",20,1,0,7.92500019,"Southampton","Mr","0"
"3rd","0","male",NA,0,0,7.87919998,"Queenstown","Mr","1"
"3rd","0","male",28,0,0,56.4958,"Southampton","Mr","1"
"3rd","0","male",NA,0,0,7.55000019,"Southampton","Mr","1"
"3rd","0","male",30,1,0,16.1000004,"Southampton","Mr","0"
"3rd","0","female",26,1,0,16.1000004,"Southampton","Mrs","0"
"3rd","0","male",NA,0,0,7.87919998,"Southampton","Mr","1"
"3rd","0","male",20.5,0,0,7.25,"Southampton","Mr","1"
"3rd","1","male",27,0,0,8.66250038,"Southampton","Mr","1"
"1st","1","female",27,1,1,247.520798,"Cherbourg","Mrs","0"
"3rd","0","male",51,0,0,7.05420017,"Southampton","Mr","1"
"3rd","1","female",23,0,0,7.85419989,"Southampton","Miss","1"
"3rd","1","male",32,0,0,7.57919979,"Southampton","Mr","1"
"3rd","0","male",NA,0,0,7.89580011,"Southampton","Mr","1"
"3rd","0","male",NA,0,0,7.55000019,"Southampton","Mr","1"
"3rd","1","female",NA,0,0,7.75,"Queenstown","Miss","1"
"3rd","1","male",24,0,0,7.14169979,"Southampton","Mr","1"
"3rd","0","male",22,0,0,7.125,"Southampton","Mr","1"
"3rd","0","female",NA,0,0,7.87919998,"Queenstown","Miss","1"
"3rd","0","male",NA,0,0,7.75,"Queenstown","Mr","1"
"1st","1","female",48,1,0,106.425003,"Cherbourg","Mrs","0"
"3rd","0","male",NA,0,0,8.05000019,"Southampton","Mr","1"
"3rd","0","male",29,0,0,7.92500019,"Southampton","Mr","1"
"3rd","1","male",NA,0,0,7.22919989,"Cherbourg","Mr","1"
"3rd","0","female",30.5,0,0,7.75,"Queenstown","Miss","1"
"3rd","1","female",NA,0,0,7.73750019,"Queenstown","Miss","1"
"3rd","0","male",NA,0,0,7.22919989,"Cherbourg","Mr","1"
"3rd","0","male",35,0,0,7.89580011,"Cherbourg","Mr","1"
"3rd","0","male",33,0,0,7.89580011,"Southampton","Mr","1"
"3rd","1","female",NA,0,0,7.2249999,"Cherbourg","Mrs","1"
"3rd","0","male",NA,0,0,7.89580011,"Cherbourg","Mr","1"
